scenario_id,name,pressure_pa,temperature_k,grip,headwind_mps,crosswind_mps,aero_multiplier,density_multiplier,height_offset_m,baseline_lap_s,candidate_lap_s,delta_s,feasible,error
1,Dry,101325.0,288.15,0.9607491142472291,4.606981507161672,1.0811968773240408,1.0147831067547692,0.9808916026262169,0.0016330104381247585,38.7358685485227,38.07923717387686,-0.6566313746458405,True,
2,Dry,101325.0,288.15,0.9753802593569206,-0.43129390028835246,0.21422804575830545,0.9849460259593809,0.9891176706467777,0.0012304151776049016,39.151126693583564,38.95958809445144,-0.191538599132123,True,
3,Dry,101325.0,288.15,1.012496838004198,-2.262376585440996,1.3451740979306854,1.024162588557408,0.9889318798419771,-0.001708476450456285,38.83683730227644,38.61244704577089,-0.22439025650555067,True,
4,Dry,101325.0,288.15,1.0106973999844402,3.2213405047427326,-1.7987198146048362,1.0266224098649708,0.9876955486457235,0.0013918946997310733,38.20957809687606,37.56933888613077,-0.6402392107452854,True,
5,Dry,101325.0,288.15,1.0326281617469018,4.142885557887334,1.4297355372879843,1.0202514979842094,1.0176479437289092,0.00012545026508495576,37.701587781912785,37.145733322549646,-0.5558544593631396,True,
6,Dry,101325.0,288.15,0.9596830234034178,0.22814316516685018,-0.6801475077520158,1.0342341694351485,1.0097692533117588,-0.0013217531945183998,39.20530540951628,38.841286413251126,-0.3640189962651519,True,
7,Dry,101325.0,288.15,0.9654104099551502,1.380274096275218,-1.1649850245814717,1.0434686910050563,1.0193175631113292,-0.0017826779920684678,38.89335764565205,38.445805287468545,-0.4475523581835077,True,
8,Dry,101325.0,288.15,0.978802073643309,2.3598811215569038,-1.205573946072581,0.9999307675454293,1.0105224112001614,-0.001229658931950954,38.66106745111453,38.1603456417628,-0.5007218093517309,True,
9,Dry,101325.0,288.15,0.9742647797599522,-1.5288725500668674,0.4043293751744095,1.0363890112650802,1.0007422036246973,0.00040592425426050913,39.239187165206864,38.94416184691743,-0.2950253182894329,True,
10,Dry,101325.0,288.15,0.962901631781946,4.242354530981224,0.3363245090331244,0.9605985969381546,1.0058944354057466,0.0001345308944478334,38.73708836395744,38.227106208106285,-0.509982155851155,True,
11,Dry,101325.0,288.15,1.010035877078026,-3.987519939287009,0.4287843727583054,0.9923834198563581,1.0114251149720026,-0.001861588628150161,39.0221504793724,39.1046085062469,0.0824580268744981,True,
12,Dry,101325.0,288.15,1.0389213895344125,-1.6273462248995472,0.9624409630990152,1.0077725852740074,0.9882124205811849,0.00020393874947179178,38.41226384029387,37.922070583705434,-0.4901932565884337,True,
13,Dry,101325.0,288.15,0.9846729226614909,-0.16728372397782643,0.049685496717522426,0.9710727365234465,1.0168375800679321,0.0017767954899574915,39.01219535149833,38.6704014453484,-0.341793906149924,True,
14,Dry,101325.0,288.15,1.0445279190386008,4.896174175531122,-1.1827462691760933,0.9687518161754582,0.9851018561475258,0.0017817761106769911,37.68671270653242,37.03786516584865,-0.6488475406837679,True,
15,Dry,101325.0,288.15,1.005063869127199,-0.01126944562359089,-0.29757793620207496,1.0161699723550217,1.008077920621629,-0.0013547555354789195,38.54581893036704,38.12346396939958,-0.4223549609674606,True,
16,Dry,101325.0,288.15,0.9695438927075417,-3.930057009600226,-0.2778524289225408,1.0492698557438227,1.001471071319285,0.0012347757523149942,39.59804369914914,39.5327949610935,-0.06524873805563658,True,
17,Dry,101325.0,288.15,0.9697267871194589,0.05023914923857564,-1.9700590957760657,0.9883478245839401,1.006865948245789,0.0005938158408270149,39.174880335272896,38.85157406535919,-0.3233062699137079,True,
18,Dry,101325.0,288.15,1.0008747778466935,-0.05654402416961002,-0.6107393211471748,1.0135582892846071,0.9863568102703061,0.0013904568151790553,38.770831833422655,38.19812952655861,-0.5727023068640449,True,
19,Dry,101325.0,288.15,0.9847271117877625,-0.4103279461308773,-0.9548563988082885,1.0035793573733365,1.0123211548212931,0.0005332701687709219,38.99830488572069,38.51255428445411,-0.4857506012665809,True,
20,Dry,101325.0,288.15,0.9767365737346945,-4.657190506380859,1.4014209683388898,0.9737051938773653,1.0014864485414554,-0.00019396036035779717,40.11754571849792,40.24421057909876,0.12666486060084026,True,
21,Dry,101325.0,288.15,0.9789784488571784,3.7247533975161264,0.675481337088105,0.9504469928478825,1.0023952566958356,-0.0005255067241693415,38.579236737103244,38.11060064642926,-0.46863609067398215,True,
22,Dry,101325.0,288.15,1.0337325606430714,2.4778732918917576,1.2317537588888117,1.0018657474162784,0.9840945684831331,0.0010449230251692457,38.00727395570973,37.406690758416296,-0.6005831972934317,True,
23,Dry,101325.0,288.15,0.9774149329503256,3.6788131885891335,-1.3350115333410115,1.0242394047972816,1.0131555247472523,0.0013897502031514231,38.56760175151908,37.90427489142085,-0.6633268600982305,True,
24,Dry,101325.0,288.15,0.9946201944985916,-4.727716337313991,-1.5791137052362765,1.0155861268313608,1.0005990883165978,0.0015679176801689557,39.497404870099786,39.459516890256126,-0.03788797984365999,True,
25,Dry,101325.0,288.15,1.0083037315258123,-1.2738694184238355,0.22875037113272478,1.032027062333714,0.9877758933481926,-0.001053154566286572,38.74938428309251,38.29547269587873,-0.45391158721378133,True,
26,Dry,101325.0,288.15,1.0434490743361982,0.8094056790154989,-0.19948966569315818,0.9529926985932307,1.0135655617884376,-0.0012519807800745889,38.0452706875348,37.533840194866556,-0.5114304926682465,True,
27,Dry,101325.0,288.15,0.9742976117627955,-1.0194216289837321,-1.3956183070682493,0.9568595936831445,1.0186276275624015,-0.0005299397092908586,39.2206750841789,39.21653238252078,-0.004142701658118142,True,
28,Dry,101325.0,288.15,1.0123914823948654,0.7666642292749888,1.0585065157291478,1.0167445381721887,1.0148263888326297,-0.001781138167439092,38.36232534712928,37.84752032530362,-0.5148050218256586,True,
29,Dry,101325.0,288.15,0.9989949726384026,2.837435362013795,1.8582657932473206,1.0356245420596413,1.0099511669201133,0.0013519096001990915,38.36890016214423,37.71897462982387,-0.6499255323203599,True,
30,Dry,101325.0,288.15,1.013688279283843,-1.0317821019900277,-1.164456512232471,1.0484469592680197,0.9909377784039066,0.0019752764370500686,38.60009068949399,38.097214245533024,-0.5028764439609645,True,
31,Dry,101325.0,288.15,1.0131328443998733,-2.912241602765894,-1.9491362243712627,0.9559207956654874,0.9960436883235753,0.0006709638470641364,39.05916552677651,39.04359195111834,-0.01557357565817341,True,
32,Dry,101325.0,288.15,0.9742276709429609,4.612571275863264,-0.30258608423744615,1.0384996405594171,0.9878965140295861,7.281030527921985e-05,38.417117036677006,37.85808681932861,-0.5590302173483934,True,
33,Dry,101325.0,288.15,1.0418786744664064,-2.7462834264619893,1.5396723118753641,1.0117583603116154,1.0004358442498935,0.00024354568910461014,38.5427635676729,38.03007613783684,-0.5126874298360562,True,
34,Dry,101325.0,288.15,0.9644937528040476,3.9608093165732097,-1.634753137002213,1.0018406804846391,0.9844564069584594,0.00016521792316098998,38.73857152281167,38.22207120434837,-0.5165003184633008,True,
35,Dry,101325.0,288.15,0.9899886046286251,-4.388273828506292,-0.43319593283969526,1.0192554941375942,1.0183358666536955,0.0014437878625602565,39.3664607867656,39.29012100947857,-0.076339777287032,True,
36,Dry,101325.0,288.15,1.0182395051005615,2.2244455375107455,0.5089722468424842,0.9883100544386341,1.00632359671988,0.00033106178944861597,38.19535153569583,37.6158019416534,-0.579549594042426,True,
37,Dry,101325.0,288.15,1.0098195709294147,-1.6473020658139994,-1.0695628015096919,1.0267731580650346,1.017638574322429,-0.0006501758512913183,38.7148693606287,38.24528238159241,-0.4695869790362863,True,
38,Dry,101325.0,288.15,1.0175185795692288,-4.188139900062302,1.9601351204395105,1.0474235711908004,0.9806173686364559,-0.0015447854166100203,38.96116576293117,38.85028242845393,-0.11088333447723642,True,
39,Dry,101325.0,288.15,1.0303178413612726,3.021592974678045,1.5793037921981115,1.0102365384215102,0.9898448030425849,0.00014989359096850364,37.97075164559432,37.3789344352259,-0.5918172103684185,True,
40,Dry,101325.0,288.15,0.9882291988551759,3.7282117361452034,-1.6649785810719933,0.9555078698796522,0.9894379744660243,-1.797591900747162e-06,38.48626600861832,37.95894452542837,-0.5273214831899509,True,
41,Dry,101325.0,288.15,1.0131755609538269,-1.4652385848860194,1.8418437678187503,1.0462459432610052,1.0079483991724718,-0.001570681964137381,38.5942130571103,38.19250057745926,-0.40171247965103873,True,
42,Dry,101325.0,288.15,1.0034567775509307,-2.921895803879353,-1.0821881181068198,1.0319627913893388,1.0096075826016382,-0.0017916189463289128,39.002231165095594,38.77628035947836,-0.2259508056172308,True,
43,Dry,101325.0,288.15,0.9568234051726093,0.7302218933606861,1.0955737078259489,1.021626399277373,0.9965322885760373,0.0011138564013735575,39.25829878609325,38.84835959394711,-0.4099391921461404,True,
44,Dry,101325.0,288.15,0.9527425231067731,-1.0204490674944457,-0.611802186630741,1.0406524827410948,0.9904604057675348,-4.92981219009799e-05,39.46515684624439,39.26493330397924,-0.2002235422651495,True,
45,Dry,101325.0,288.15,0.9726963509736001,-0.7960275856808341,-0.036576306061543384,1.036880334237725,0.9922933689874188,0.0004765993466553796,39.19317016534666,38.84077115277462,-0.352399012572036,True,
46,Dry,101325.0,288.15,1.0154886584915257,-0.1163026870120003,-1.3075926743791868,0.9682207439472186,1.0038665978071908,0.001307458166588604,38.63329968892934,38.10764002708828,-0.5256596618410612,True,
47,Dry,101325.0,288.15,1.0411487070157186,0.8381973838665902,1.1853884584980725,1.0223705571515875,1.0198176555950302,0.001219516425940489,38.023862579194756,37.421511762918314,-0.6023508162764415,True,
48,Dry,101325.0,288.15,1.038252315098592,-2.698694785003645,-0.20885645915032303,0.9595258944451416,0.990842507595558,0.0013557423452786712,38.60463233776233,38.51552790923971,-0.08910442852262435,True,
49,Dry,101325.0,288.15,1.0463032277901505,4.914944239665537,1.9140211365432371,1.0147321370415268,0.9892640997920342,-0.0006740164000645658,37.57368548852492,36.96605571424273,-0.607629774282195,True,
50,Dry,101325.0,288.15,0.971110467382579,-2.2416374215482926,-0.3779015077013539,0.9913587789072181,1.0002452773626738,-0.00033887013542366557,39.451545046501515,39.48450864324839,0.03296359674687466,True,
51,Dry,101325.0,288.15,1.0495844175438511,-0.8303082542142945,0.624769642885576,1.0286256153489164,0.9858975516534103,-0.0006093565580262022,38.10316637765718,37.58038781202887,-0.5227785656283146,True,
52,Dry,101325.0,288.15,0.9556510783592319,-0.8362031544556654,-0.3245573768653176,0.9615625247414653,0.9831843189084091,0.0003486223985483183,39.75407353284235,39.75174015432198,-0.002333378520368967,True,
53,Dry,101325.0,288.15,1.0014254947124261,1.517975679828039,-1.1907590462204891,0.9878523719829783,1.0054413867539704,-0.0017371282372221223,38.46377045029894,38.03891831025254,-0.42485214004639715,True,
54,Dry,101325.0,288.15,0.9750995931880768,-2.978327294439118,0.9147752734006436,1.0292777484115074,0.9984982134078159,0.0010129577972757577,39.40293083071174,39.30333812156059,-0.09959270915114615,True,
55,Dry,101325.0,288.15,1.007681093814728,3.415733390645787,0.37526545415746027,0.9947876003457183,1.0002983793901523,-0.0002369616918108965,38.20147036455868,37.61340962886342,-0.5880607356952581,True,
56,Dry,101325.0,288.15,1.0210073785520846,3.097752884887136,-0.12404217953064745,1.0110899891711564,1.0030354966350556,0.00010542750576587141,38.051150422428435,37.44693547698571,-0.6042149454427275,True,
57,Dry,101325.0,288.15,1.0337161550496183,2.6151339571842414,-1.7782899976789395,1.001290662048617,0.9857036579137506,-0.0004424198133330618,37.97806317763822,37.414249074282004,-0.563814103356215,True,
58,Dry,101325.0,288.15,0.9711234447441286,-0.6764447767930717,-0.3285481280205653,1.0274648958713966,0.9940946122080084,-0.000867769839031269,39.18112640706573,38.8628563747857,-0.3182700322800329,True,
59,Dry,101325.0,288.15,0.9569862883456839,-2.269356409927589,1.541961928149877,0.9964905245058209,1.0121049674333442,0.001726110830023156,39.72012817755291,39.64352283249686,-0.07660534505604488,True,
60,Dry,101325.0,288.15,0.952004963939762,2.7616897812634322,-1.0226652679416288,0.9682771730098194,1.014167030273448,-0.00011529977473291684,39.11178960288462,38.65088524453124,-0.46090435835338184,True,
61,Dry,101325.0,288.15,0.9591668920021615,-0.37509767184593024,-1.025186267791859,0.987619172619777,1.019467843227646,0.0006488746649956413,39.33810719571891,39.08885281118386,-0.24925438453504967,True,
62,Dry,101325.0,288.15,1.012050832353028,-1.9152007031833254,0.35036956091106486,0.9576806473650282,1.0038409212805477,0.0005662418134181439,38.78998624284618,38.704143936076726,-0.08584230676945737,True,
63,Dry,101325.0,288.15,1.0038389731122832,-4.959621119502295,-1.3878484669186015,1.0308877103737935,1.0091623877849214,0.0010082973713079774,39.199599891986225,39.1593404985125,-0.040259393473725424,True,
64,Dry,101325.0,288.15,0.9961274047625399,-4.289362750443534,0.06560837721301604,1.037412841797158,1.0016548338767972,0.0013657417056016788,39.25751011328679,39.11439641500473,-0.14311369828206466,True,
65,Dry,101325.0,288.15,0.9887057105561671,-1.889831320495258,-1.1254367058215662,1.0080610734648865,1.0112167622799946,-0.0007471663207726618,39.088210098588,38.82738120355196,-0.2608288950360418,True,
66,Dry,101325.0,288.15,0.9588023618024192,4.536787194123377,1.9511961586351236,0.9928977121257295,0.9896345325175832,0.0018304226357575104,38.79935430124706,38.14871612446516,-0.6506381767818965,True,
67,Dry,101325.0,288.15,1.040005026402227,-3.663477399603404,0.7985522002367493,0.9544158291473648,1.0130248872694712,0.0007320910245499114,38.66781997850759,38.64268215987643,-0.025137818631158382,True,
68,Dry,101325.0,288.15,0.9957218266494107,-3.7580279789789675,1.8331203617395269,0.960827306728133,0.9986403039313164,0.0018659898109150753,39.62258972411509,39.64547581878231,0.022886094667221357,True,
69,Dry,101325.0,288.15,1.0442288673220104,-1.3335997595172122,-1.9969056453459264,1.0270672330236665,1.0077364055086668,-0.0012698455225744255,38.21853126658164,37.71126107150274,-0.5072701950789025,True,
70,Dry,101325.0,288.15,0.9783271796120839,-3.0452609820835406,-0.7187929027862707,1.0333001359965894,1.0061631830233746,0.0013882265183596536,39.36034003554283,39.15222220466972,-0.20811783087311397,True,
71,Dry,101325.0,288.15,1.0211856220384687,-1.0109202190932587,0.4053256417629223,1.0222605444307131,0.9920056163180666,0.001946224839739174,38.56666344400728,38.024738514796816,-0.5419249292104666,True,
72,Dry,101325.0,288.15,1.0260758679567341,-2.113802601231256,0.5192762942708891,1.0087750927463932,1.0061793395706171,-0.001014525763731985,38.632253937586206,38.18362363471589,-0.44863030287031336,True,
73,Dry,101325.0,288.15,1.0174116532539454,3.2638141685782784,-1.193040235107349,1.022362412214925,1.0198374610239194,0.001782267383966279,38.08896292183016,37.42108473955316,-0.6678781822770006,True,
74,Dry,101325.0,288.15,1.030894304249558,3.562244223878757,1.3635444794838576,0.9653951181127468,0.9828728265302933,0.00035137365263166517,37.9647798574654,37.38377277009232,-0.5810070873730808,True,
75,Dry,101325.0,288.15,1.0115322915665461,-0.8337414706496835,-0.1834103175686752,1.02292538516392,0.9802098390902192,-0.0018890162778779339,38.631307351383114,38.26591367531952,-0.3653936760635972,True,
76,Dry,101325.0,288.15,0.9942778125218356,-2.828336156788355,1.356777053791539,1.0338232413969302,1.0131957634807085,-0.0005381533301127676,39.12017342735,38.85065494488492,-0.2695184824650738,True,
77,Dry,101325.0,288.15,1.0092223534984621,-2.6129495746346345,-1.744531360566254,0.9663449232426885,1.0032376324505146,0.0011480299989935234,38.97463955010741,38.89494294354048,-0.07969660656693378,True,
78,Dry,101325.0,288.15,1.0233878976596384,4.172248829022898,0.16689837845520517,1.0107865358747912,0.9881667836115405,0.0015454222307918859,37.95607172461114,37.30235196760955,-0.6537197570015891,True,
79,Dry,101325.0,288.15,1.0185593379496367,2.2951975847410804,0.6154214227543275,1.0213841165095383,1.0013157349669515,0.0001745163659018921,38.15456700157831,37.561739402703424,-0.5928275988748837,True,
80,Dry,101325.0,288.15,1.0202922684886633,3.6876246494708624,-0.994255170646781,1.0440373238087841,1.0017787344387339,-0.0019537880117932744,37.94661743127103,37.377305585300014,-0.5693118459710149,True,
81,Dry,101325.0,288.15,0.9628915971164719,-4.721778548517738,1.7456591030496091,1.0162502767832857,0.9998004151325861,0.0013353333379703307,40.212331940765374,40.18359293138003,-0.028739009385340353,True,
82,Dry,101325.0,288.15,0.956275679419972,3.711478982523314,-1.800592241888714,0.9999866859664497,0.9869946014226091,-0.0005730535300513871,38.86990415492613,38.381363470892595,-0.4885406840335378,True,
83,Dry,101325.0,288.15,1.0269944578384516,-1.3074841064554321,1.2244047277701324,1.0314339633626248,0.9936931903610658,-0.0002442792415063026,38.437740344716644,37.995628613524026,-0.44211173119261815,True,
84,Dry,101325.0,288.15,0.9660599917320897,2.98324149134881,0.9143350419923695,1.0329365252662488,1.0069602066242893,-0.000559307319388127,38.74665570619769,38.156583732275486,-0.5900719739222069,True,
85,Dry,101325.0,288.15,0.9656532647769458,-4.745053305803858,-0.5491116080138876,1.0199503401346783,1.005844645106289,-0.000140993893629957,40.024813009899425,40.07889310999194,0.05408010009251285,True,
86,Dry,101325.0,288.15,0.979609866138603,1.5259534136725836,0.0048602183388708475,1.0341794705675542,1.002582200085615,0.000637135887966306,38.7322202443126,38.222343981488194,-0.509876262824406,True,
87,Dry,101325.0,288.15,0.9860461606582518,3.6937620899403747,0.36528647136250747,1.0003634135353503,1.0134901693004448,-0.0014400350198700011,38.42127908750986,37.80928065425482,-0.6119984332550388,True,
88,Dry,101325.0,288.15,1.0400547712313806,-4.538283136008645,0.6406622267455138,1.0230981405306077,1.013758166790876,0.0017494830076920835,38.72856272737764,38.29042189112155,-0.4381408362560961,True,
89,Dry,101325.0,288.15,1.0484587847566296,4.033030391227468,1.1469374460755346,1.0473068035706454,1.0008723501338384,0.0003794896891119882,37.49822335016027,36.93270073324004,-0.5655226169202336,True,
90,Dry,101325.0,288.15,0.9679249940149163,2.400861588689364,-1.2757787314958455,0.9544538987990816,0.9975542446854584,-0.0015229458140879535,38.944393854919134,38.67533759977579,-0.2690562551433473,True,
91,Dry,101325.0,288.15,0.9899342115671595,-3.878170142396592,-0.14381574897781269,1.0203103962522257,1.005212776059511,-8.588674955027653e-05,39.28021017735755,39.27804574567203,-0.002164431685521606,True,
92,Dry,101325.0,288.15,1.042600247812751,1.5744323209664834,1.732356442051484,0.9808323764554319,0.9959700298195222,0.00027124380298654575,37.99278677319735,37.435914978461454,-0.5568717947358977,True,
93,Dry,101325.0,288.15,0.9730411924940483,0.7287633085996168,-0.22944580267555725,1.04305016131797,0.9889401352962827,0.0019543851464348698,38.982662813411935,38.42047232673677,-0.5621904866751635,True,
94,Dry,101325.0,288.15,0.984413101690339,-0.9814853012977327,-1.1127619899008114,1.0475260354944618,0.9998345889590692,0.0013027198472855138,39.04405246187728,38.47702730901788,-0.5670251528594008,True,
95,Dry,101325.0,288.15,0.9960779905003264,2.1991186386668415,-1.9757128478126171,1.0019370538823145,1.0198063168251763,0.0006007835119284845,38.480908076784964,37.87984454359861,-0.6010635331863554,True,
96,Dry,101325.0,288.15,0.9735223058869861,-0.32148424269503284,1.747715949423645,0.9987792611942574,0.9999859322319143,-0.000942857566261809,39.13893848548747,38.89782766872627,-0.24111081676119994,True,
97,Dry,101325.0,288.15,1.0049243203336033,-3.246743773148376,-1.3252475235713432,0.9526014065989651,1.0127833906009673,-0.0008373326507417321,39.17906025460222,39.25253071918678,0.07347046458455964,True,
98,Dry,101325.0,288.15,0.9667134409054046,-3.9763104617397405,1.1290571723173453,0.9935570555377872,0.9967878149909165,-0.0008277517474370368,40.02848845579218,40.10800539081911,0.07951693502693047,True,
99,Dry,101325.0,288.15,1.0147616675193432,-2.557046963167217,-0.7193373474149709,1.0151403662880507,1.011962190472447,0.0018756625119503174,38.873649427142716,38.3424104335811,-0.5312389935616153,True,
100,Dry,101325.0,288.15,1.0346063933051823,3.1304262133070875,-0.459876403575306,0.9683964020608098,0.9837213819732079,-0.0007074539530581951,37.93288118782551,37.38598294982071,-0.5468982380048004,True,
101,Dry,101325.0,288.15,0.9798609311837075,4.895528487583656,-1.124865348479021,1.0258049173153136,1.017325868347355,-0.0010936720967441743,38.29342105592958,37.74874031263023,-0.5446807432993452,True,
102,Dry,101325.0,288.15,0.9723610242975896,-1.1956246181606724,1.7096498814682866,0.9851546830873615,1.0105537563315876,0.0013762534855583058,39.27971242442748,39.09413802747192,-0.185574396955559,True,
103,Dry,101325.0,288.15,0.9699252723095707,-3.331189966905118,0.502511806898736,1.0331404549619985,1.0101941944390018,-0.0007159008049964157,39.47793393499414,39.46945213696601,-0.008481798028128651,True,
104,Dry,101325.0,288.15,0.9881226869149814,2.3018693015835456,0.5475881911583986,0.9724473737351126,1.0114654257117428,0.0019129357609650116,38.61539846376157,38.04521764153456,-0.5701808222270088,True,
105,Dry,101325.0,288.15,1.015218285147646,2.5276954546110018,0.2518627425124764,0.9957523275376834,1.0163582304036973,-0.0014142449106610555,38.161664986487764,37.61342737763871,-0.5482376088490568,True,
106,Dry,101325.0,288.15,1.011864482698819,1.5410901724399864,1.9420455509496781,1.020627370182107,0.9958023608034022,0.0014904084109715336,38.36701542515507,37.757019579529945,-0.6099958456251215,True,
107,Dry,101325.0,288.15,1.0004984216492796,-0.9415267182416409,1.7359907124590235,1.0197949802647477,1.004599530191778,-2.399169024341549e-07,38.83833954974482,38.321592228590305,-0.5167473211545186,True,
108,Dry,101325.0,288.15,1.0373560481036503,-3.696548174106743,-0.4862140710755902,0.953333620112172,1.0118724581935523,0.0012035925334102993,38.71066085767717,38.705313741669364,-0.005347116007804686,True,
109,Dry,101325.0,288.15,0.9665256509693338,-4.881204311458754,-1.6739345892106776,1.0371200547495876,1.000605182926799,-0.0017775317348985437,39.96135632619841,40.10632331291991,0.14496698672149932,True,
110,Dry,101325.0,288.15,1.0102767950685292,-0.18542262256450037,1.6806140010967883,1.0228263317499482,0.9871308465893779,0.0015059153561562725,38.65802550728083,38.085492480422054,-0.5725330268587783,True,
111,Dry,101325.0,288.15,1.0131778993162825,-3.872894182274181,0.7127974248364071,1.0219388322844911,1.0147931990681878,-0.001432032564795092,38.952231531675174,38.83739371652989,-0.11483781514528602,True,
112,Dry,101325.0,288.15,0.9533167468079208,-0.6465841144066955,-0.999888282187555,1.0217431677192461,0.9871739891910966,0.00012027489835842158,39.43720057477812,39.300464910728444,-0.13673566404967374,True,
113,Dry,101325.0,288.15,0.9998878016355408,0.7183160948358349,-0.22779353860728335,1.0366070598826505,0.9958958778415508,-0.0017338543332344777,38.52205593348878,38.092603029891464,-0.4294529035973156,True,
114,Dry,101325.0,288.15,0.9792475700418956,-3.133833792268973,1.9092359378529,1.0417026539037721,1.0039723825544327,-0.0019936313696998524,39.33395826969554,39.27683206788401,-0.05712620181153483,True,
115,Dry,101325.0,288.15,1.0342847291188462,4.019973766239071,1.9684449635944654,1.031671744703864,1.019919005379659,0.0012272862035273067,37.70522784707077,37.11089407686597,-0.5943337702048055,True,
116,Dry,101325.0,288.15,1.0468154972272052,3.503859340225411,-1.8742058107243227,1.039525731686423,1.008447212587841,0.00045243002111039054,37.66692936638609,37.029130462072516,-0.637798904313577,True,
117,Dry,101325.0,288.15,1.0061481960851997,-4.309853997590572,-1.6651832611630852,1.0459213547757054,0.985274883036404,-0.0019238287614335322,39.109330520017096,39.116082531445386,0.006752011428289961,True,
118,Dry,101325.0,288.15,1.0211735005584235,3.5712479407341515,-0.048459475243476824,0.9776002650401228,0.9926740386127876,0.0019988901815944033,38.08314201232542,37.444391067225126,-0.6387509451002913,True,
119,Dry,101325.0,288.15,1.0305241446070037,0.5042106918621627,-1.9560219118417934,0.9699623047093306,1.0170879169442892,0.0002477915480619962,38.25241662374072,37.704230793951446,-0.5481858297892757,True,
120,Dry,101325.0,288.15,0.9856331729436798,-2.9589529729915043,-1.6681897450504666,0.9826989032242962,0.9940772251751699,-0.0019221855708895256,39.419977144949726,39.55869828173196,0.1387211367822303,True,
121,Dry,101325.0,288.15,1.0385404394915128,-4.822987930324728,0.15417526950118043,0.9832866516060538,0.9967829904697743,0.0015083296551200369,38.850731693833886,38.86769932403833,0.01696763020444081,True,
122,Dry,101325.0,288.15,1.0008321906322681,2.0408184114036807,1.391548325986653,0.9979504876271419,0.9889935990218237,-0.0009691133754816846,38.435205208917914,37.899693654158426,-0.5355115547594878,True,
123,Dry,101325.0,288.15,1.0273803256151373,-0.21808579140259798,0.06095773372511726,1.0317020447702772,1.0002013142824653,-0.0004794733370862105,38.28507135120262,37.75104524680992,-0.5340261043926944,True,
124,Dry,101325.0,288.15,1.0155917806781931,-1.9349103538730517,-1.058436118587606,1.0065773852082234,0.9890933588922709,0.0013145613747507518,38.81172486548548,38.38263819236662,-0.42908667311886006,True,
125,Dry,101325.0,288.15,1.0267088924286885,4.80499753834745,-0.07679968350110045,1.0252976127924267,1.0160141765502904,-0.00023643455833578342,37.690734340477015,37.13083087197811,-0.5599034684989022,True,
126,Dry,101325.0,288.15,1.0487414223822396,-0.8330765441315355,-1.6885012782563398,0.9534576869591356,0.9843153196350478,-0.00028991383202977964,38.233436908236044,37.92527565165178,-0.3081612565842633,True,
127,Dry,101325.0,288.15,0.9697503489680187,-4.442867061767642,-0.30534921378843904,1.0153646795190405,1.0095738305989364,-0.0006918799673679063,39.837812075315476,39.92247815639449,0.08466608107901408,True,
128,Dry,101325.0,288.15,0.9873571139332948,1.6525250810207526,1.5459191541378732,1.0465707675140163,1.0032473146692376,-0.0015109489507871983,38.588198428265486,38.04342619089808,-0.544772237367404,True,
129,Dry,101325.0,288.15,1.0247911993911265,-0.9869289549000051,1.909273516987204,1.0022859433046492,1.0030744373713056,0.0012107319113931069,38.53345944414708,38.0165079860325,-0.5169514581145762,True,
130,Dry,101325.0,288.15,0.9912561530605364,-1.54936905865687,-1.5020508103924675,1.0326925419652737,1.0058097942890043,-0.001055995310276561,39.005100666202104,38.59045152121147,-0.41464914499063354,True,
131,Dry,101325.0,288.15,0.9687877671438327,0.8157275301741436,-1.3338826541707998,0.9992983043404571,1.019697782501531,0.0006102169287041524,39.07254248152678,38.528896586215986,-0.5436458953107959,True,
132,Dry,101325.0,288.15,1.0377294497066747,4.627765071139612,-1.0355233750426458,1.0093467662379139,1.0068644462818555,-0.001390883686778777,37.67168307552138,37.08376414761044,-0.5879189279109411,True,
133,Dry,101325.0,288.15,1.0442115994490355,-0.01094487655255083,1.922854186252311,1.0115644136453923,0.9979012307222409,0.0014660717961464684,38.13520471252499,37.553894947157445,-0.5813097653675428,True,
134,Dry,101325.0,288.15,1.0274258177156026,3.9477883052293947,1.4233990272077972,0.9857028513104471,1.0162977719902297,-0.0005718638294246218,37.899365359891966,37.308716764344624,-0.5906485955473428,True,
135,Dry,101325.0,288.15,1.0028963630342864,-2.492250015933587,-1.0324790836973299,1.0061604552444627,0.9888617203315249,-0.0008718546835965501,38.97184836784027,38.86583723406013,-0.10601113378014304,True,
136,Dry,101325.0,288.15,0.9618959727637684,-3.774216153565466,1.1706578114444914,0.9935853010505737,1.0135480934983352,-8.730645278197803e-05,39.97640387264101,40.01970410679569,0.04330023415468531,True,
137,Dry,101325.0,288.15,0.9563637633366397,3.992099544096794,0.31023812895008396,1.0451044467354826,0.9924739980360086,-0.0018859997529139347,38.762407816471125,38.190663826226505,-0.5717439902446202,True,
138,Dry,101325.0,288.15,1.0015629795741148,0.10384892658038147,-0.13372906867282763,1.0076554249876473,1.0050510000707995,0.0002867358408320392,38.61330935184344,38.15336942419677,-0.4599399276466727,True,
139,Dry,101325.0,288.15,1.0295120209143171,-0.37421907189869064,0.551581679169876,1.0042583188690517,0.9823660598043432,-0.0010924246633489542,38.327864427902036,37.904071231206565,-0.42379319669547044,True,
140,Dry,101325.0,288.15,0.9854839037914028,4.879455553335843,0.5691601616960922,0.971619577577536,1.0189429750117533,5.825489756827685e-05,38.35778490823547,37.695576975497445,-0.6622079327380277,True,
141,Dry,101325.0,288.15,0.9992834545015137,3.574380747099079,1.1404518203525091,1.0476291154975454,0.9952509282057709,-0.0004287198987814565,38.25188404208736,37.63917582354086,-0.6127082185465014,True,
142,Dry,101325.0,288.15,1.0013086538803488,2.897555419921204,1.341512053069359,1.0493902484659126,0.9977355916777929,0.001572900213670052,38.326122849376176,37.66830705474172,-0.6578157946344589,True,
143,Dry,101325.0,288.15,1.017653653636695,3.6243482014777975,0.26781366970654474,1.0409017950824282,0.9968010166714105,0.001416171007544654,38.03868799451108,37.37686318501965,-0.6618248094914279,True,
144,Dry,101325.0,288.15,1.0154773964596404,-0.8143188806980479,1.4948221837505304,1.0336712839468654,0.9935237531928627,0.00034960804010380825,38.5386051415005,38.07766270748508,-0.4609424340154149,True,
145,Dry,101325.0,288.15,0.9812882076665081,1.1959967447282507,1.8777943345628612,0.9693216239568386,1.0067069811670364,-0.0012690311285181188,38.89642450723297,38.61363822047035,-0.2827862867626223,True,
146,Dry,101325.0,288.15,1.0484204159917483,4.1606972356185725,-1.0673434138181879,0.9851386088268415,0.9856816214113912,-0.001359534175334936,37.63897207099887,37.083263026199425,-0.5557090447994426,True,
147,Dry,101325.0,288.15,0.9845241315781966,3.4451748352386034,-1.6857237088380308,1.0242490718490413,1.016012114754187,-0.0019093190325274558,38.45332736908709,37.884088017835346,-0.5692393512517455,True,
148,Dry,101325.0,288.15,0.9935795626285581,4.892240919477928,0.4908418258318896,0.9550237598170224,0.9918249088400626,0.00118863788130401,38.310506625090206,37.68437669946228,-0.6261299256279287,True,
149,Dry,101325.0,288.15,0.9571480868260357,-4.214019619938044,0.33846017630442615,0.9812265063096043,0.9958554237491568,-0.0006299440675768141,40.39489905071334,40.46027708675898,0.06537803604563663,True,
150,Dry,101325.0,288.15,1.04650162882388,2.4212018882600193,-1.0700804534786932,1.0405316158471476,1.0154194590063121,-0.0014787528713016665,37.733865409685855,37.129844439771304,-0.6040209699145507,True,
151,Dry,101325.0,288.15,1.0460460784027443,-1.4835430998378274,-0.4719505329314484,1.0104730437007696,0.9802042870300134,-0.0018468055813581565,38.2431390567843,37.85799764787505,-0.38514140890924864,True,
152,Dry,101325.0,288.15,1.0041932070993609,2.8353895528669675,1.737384706620619,1.030258018778732,1.0022579220558858,-9.948250083060498e-05,38.28652135410171,37.68439265502633,-0.6021286990753794,True,
153,Dry,101325.0,288.15,1.0047775248887783,-4.310570438830314,-0.6896551888506104,1.0242402954363867,0.9856786854224171,0.0006858885996197119,39.18936596528492,39.16795698254209,-0.02140898274283387,True,
154,Dry,101325.0,288.15,1.0105199459763239,-4.470716226105224,0.7230442427308024,1.0076454054410116,0.9821337687391211,-0.00020483827359894357,39.211589111447765,39.26351477970597,0.05192566825820677,True,
155,Dry,101325.0,288.15,1.031571070446206,-0.028539016560546138,-1.0817647764074256,0.9910619002147776,0.99177668680299,0.0012266095152760393,38.309983228783175,37.780779583083344,-0.5292036456998304,True,
156,Dry,101325.0,288.15,0.9980271447432661,-1.4620674573532222,-1.245962004524169,1.033548748392997,0.9850415803625906,-0.0014171636392104475,38.92733484857426,38.649607911847,-0.27772693672726234,True,
157,Dry,101325.0,288.15,1.0210615990585088,1.8209014749670285,1.4861590292841202,1.0244737194949383,1.017183545995327,0.0008194790295821979,38.17373509881309,37.5615063656046,-0.6122287332084895,True,
158,Dry,101325.0,288.15,1.0185599711839042,-0.857511839334478,0.25336046159066905,0.9552755235008322,1.0128279823658703,-0.0014074981918009832,38.60141961095493,38.415074782678815,-0.18634482827611265,True,
159,Dry,101325.0,288.15,0.9904620049600011,-4.196402441839727,-1.848205079640127,1.0314671802884707,1.0096410636396889,-0.0003461195679148,39.32244776019185,39.285425306193126,-0.03702245399872339,True,
160,Dry,101325.0,288.15,0.9841974282635207,0.22571773991872668,-0.5162900069059115,1.0135436720416549,1.0155199643084052,-0.001659912159567965,38.83251278728024,38.38842771048033,-0.44408507679990805,True,
161,Dry,101325.0,288.15,1.0274621104764652,3.3577011823412413,0.16602858631554884,0.9908318626386955,1.004176091075585,-0.00033555616026802854,37.95695312931501,37.37518128004737,-0.5817718492676391,True,
162,Dry,101325.0,288.15,0.994447986226275,-2.2115441982562665,-0.5967890987908482,0.9905672162712537,1.0074748438649537,-8.291820418494648e-05,39.05488144124907,38.90725986345837,-0.1476215777907015,True,
163,Dry,101325.0,288.15,0.9902815551408854,1.8425095480179712,-0.7672536819065763,0.9548901792086032,1.0195384749107261,0.0018676142016794874,38.691120847440665,38.13174958690678,-0.5593712605338865,True,
164,Dry,101325.0,288.15,1.0012011910248273,1.46157936585411,-1.7600589981874335,0.9739060714321819,0.9890220090347326,-0.00012643150219494273,38.62888347799223,38.12363401681488,-0.5052494611773497,True,
165,Dry,101325.0,288.15,0.9829291935157404,-1.9320688885532933,-1.4601410646034658,0.9829543542914942,0.9801469341194383,-0.0014108079465215235,39.307347014328904,39.401186502636044,0.09383948830713962,True,
166,Dry,101325.0,288.15,1.045714262163953,1.4296365399118312,-0.644798510798978,1.0457233701320638,1.0030601185571961,0.00011814240836035758,37.873465031940256,37.28747939971941,-0.5859856322208472,True,
167,Dry,101325.0,288.15,1.016143304153347,-0.56707549089269,-1.9224727120445233,0.9657731792038785,1.0059464283039294,-0.0013958111980362502,38.65411809246743,38.3880955272676,-0.26602256519982603,True,
168,Dry,101325.0,288.15,1.0447273167929603,-2.4037341812710524,1.5016418196077557,1.024218745536151,1.0123541909076164,0.0005865872651663979,38.35495190403106,37.891961308417855,-0.4629905956132063,True,
169,Dry,101325.0,288.15,0.9513854177953257,0.8852820913040755,1.9382197876434843,1.0187453104246211,0.9877896682708182,0.0009107224705211516,39.33280522285647,38.93969437998802,-0.39311084286845244,True,
170,Dry,101325.0,288.15,1.033170088570531,-1.1952657839826744,1.8800259803387869,1.0080334669254993,1.0194545469010567,-0.0017920595750424977,38.33983337362866,37.93382708068044,-0.40600629294822,True,
171,Dry,101325.0,288.15,0.9847820380780545,4.091395045507749,1.356363648091901,1.0452491996854154,0.9863578529956157,-0.0010013193463085158,38.3987052336367,37.797515947931025,-0.6011892857056722,True,
172,Dry,101325.0,288.15,1.03490150497785,2.4713143635488333,1.6631887692358318,1.0470759762099082,0.9976307030192006,0.0003692961857520772,37.92402919003352,37.271961938535156,-0.6520672514983659,True,
173,Dry,101325.0,288.15,1.0370044004745418,-0.9675951515231365,0.9361008315787238,0.98312507154802,0.991281654532343,-0.00042143120551053665,38.38299194567633,37.93865006872005,-0.4443418769562797,True,
174,Dry,101325.0,288.15,1.0065780307623602,2.540760856997223,-0.9834582037223227,1.0024778548865945,1.0133186938174723,0.0008235277337980554,38.30362307697297,37.692222905627546,-0.6114001713454229,True,
175,Dry,101325.0,288.15,1.0095156449678493,0.08044929628456732,0.4169260818309932,0.9803516855776468,1.0040719998959307,0.0006472172569860894,38.60222025358898,38.11054294654511,-0.49167730704387225,True,
176,Dry,101325.0,288.15,0.9773270461528669,-2.7757185764945347,-0.24835370901360188,0.9924646882927479,1.0129644566545448,-0.0008666778913331008,39.36675733496449,39.41915546990297,0.052398134938478336,True,
177,Dry,101325.0,288.15,1.008499657794864,-0.5420689869056989,-0.5754043981082932,1.044058662797052,0.9995865401681632,-0.0011734090472477138,38.54419903227526,38.116978085801385,-0.42722094647387365,True,
178,Dry,101325.0,288.15,1.0425910512793368,-3.8909149133815992,1.9670809345982723,1.0277850083624498,1.017220007652371,-0.0017516347739232009,38.621684593383286,38.18575040462652,-0.43593418875676804,True,
179,Dry,101325.0,288.15,1.0038463298811666,-3.6182224181756597,-1.6506010208135273,0.983737893581297,1.0147681205165702,0.0011954400646734414,39.14036002305957,39.07350861573724,-0.06685140732233208,True,
180,Dry,101325.0,288.15,0.9960519494795241,-2.997924009908145,1.137636169859364,0.9818131376062846,0.9981666581342776,-0.00044004888056925007,39.204855150879425,39.24443981600628,0.03958466512685277,True,
181,Dry,101325.0,288.15,0.9627779123014867,3.4549522168798,-1.0813916401510753,1.0027652215119658,1.002127897090387,0.001069663665906204,38.803125395656565,38.26162984821814,-0.5414955474384229,True,
182,Dry,101325.0,288.15,0.9548649642928492,-1.4526204916610008,-1.2911268144248513,1.0246682858442901,1.0141411093821595,0.0010068850160947556,39.50686738685062,39.2507379932123,-0.2561293936383251,True,
183,Dry,101325.0,288.15,1.0016934571230418,4.0078682459450174,-0.9190861141015128,0.9900382986966142,0.98891356408344,-0.00040487161198668616,38.23761648114604,37.65195374559397,-0.58566273555207,True,
184,Dry,101325.0,288.15,1.0227633556862565,-1.8678855152702898,0.21258046691995958,0.9788135355222906,0.99059288677029,0.00039432665017475124,38.67832874329931,38.49662704733799,-0.18170169596132268,True,
185,Dry,101325.0,288.15,0.9540846815472214,-4.417230804609882,-1.0878390549576271,1.0410295385496091,0.9947947566105434,0.0005880085852407978,40.15552960392261,40.16708144414032,0.01155184021771305,True,
186,Dry,101325.0,288.15,0.9963388239728569,0.12326875645501367,-0.054943829281607126,0.9556422392495265,1.0115076574553026,-0.0006249269799662419,38.805100760351614,38.58261310167548,-0.22248765867613685,True,
187,Dry,101325.0,288.15,0.9948300759088327,-1.8861819977169239,-0.9800597571088647,1.0272374696979125,1.0171054265504538,0.001156541974548838,39.014971788085354,38.48493891849533,-0.5300328695900234,True,
188,Dry,101325.0,288.15,0.9783910868459493,0.5368835692301213,-1.8962817587115723,1.0253353292535685,1.0194425225690529,-0.00026426308339061065,38.8604566530145,38.39163071225017,-0.4688259407643329,True,
189,Dry,101325.0,288.15,0.9952552015091565,-4.807445772113673,-0.38395251947975195,0.9996831245507185,0.994257026641404,-0.0010703021984377575,39.5808215504392,39.689754171123916,0.10893262068471898,True,
190,Dry,101325.0,288.15,1.0259378006373499,2.741601036932124,0.8534911175476778,1.0445335367970556,1.0049198605437275,-0.0005902143579214769,37.978792680781424,37.38670008167668,-0.5920925991047454,True,
191,Dry,101325.0,288.15,1.0111440070492879,2.4199694712203614,0.620181435701399,0.9689724416078292,0.9917280491372199,-0.00026727868529135765,38.291717849383744,37.74157587923108,-0.5501419701526657,True,
192,Dry,101325.0,288.15,1.008880003716888,2.101173952541756,-0.5973325673353296,0.97904779838985,1.016006232650148,0.0017893001351974177,38.35462582658418,37.73791085874324,-0.6167149678409416,True,
193,Dry,101325.0,288.15,0.9908190049821224,1.016395524870771,-0.579774703717177,0.971883197160988,0.9986305151681694,-0.00024116963886554603,38.79428673690391,38.359477877737035,-0.4348088591668784,True,
194,Dry,101325.0,288.15,1.0213742789943108,-0.5899719299874819,0.1478967617431417,0.9894943046391484,1.0116322739013892,0.00014140730206203172,38.45623675464233,37.99728407870234,-0.45895267593999023,True,
195,Dry,101325.0,288.15,0.9705970386917107,4.056220197643826,1.2303973981131828,1.0010091886225216,0.9839280977635807,0.0018647508518763898,38.673548872555735,38.028650670461964,-0.6448982020937706,True,
196,Dry,101325.0,288.15,1.00173332402558,1.363485325736379,-1.0702750977656112,1.046211617085126,1.0044154676147854,-0.001388877914390434,38.42314710494939,37.87460503013197,-0.5485420748174263,True,
197,Dry,101325.0,288.15,1.0106573228657505,2.815439142593399,-1.2981622229683447,1.0422667070423632,1.0091934910955709,-0.00016122137664930226,38.180029798041645,37.56683925965545,-0.613190538386192,True,
198,Dry,101325.0,288.15,0.9500498593815269,-3.8253771069851563,1.6003731102508487,0.9952862408890671,0.980648784797358,0.0006546364048220644,40.50527424659117,40.50201305863907,-0.00326118795209851,True,
199,Dry,101325.0,288.15,1.0221172266928518,1.1775200640492622,1.290047475222416,1.0058804447521448,1.005474172228481,-0.001793824736787522,38.21883632165564,37.70483041410814,-0.5140059075474994,True,
200,Dry,101325.0,288.15,0.9850875636145882,4.253310822991988,0.015843150140928852,0.9853996188707588,0.9938651619471105,0.001404481161219085,38.45222718827095,37.81341705075123,-0.6388101375197266,True,
