simulation_segment_id,run_id,segment_id,sector_id,segment_time_s,top_speed_mps,length_m
1,1,101,11,14.2217394714,83.8973395116,1050
2,1,102,11,4.40519747209,43.1636087038,190
3,1,103,12,10.5402980976,76.5032449578,650
4,1,104,12,5.72998568249,26.1833077855,150
5,1,105,13,11.2327807838,79.1997026313,700
6,1,106,13,3.46752113329,57.8090217896,200
7,2,101,11,14.3067791267,85.9839549858,1050
8,2,102,11,4.66214596483,40.7749379426,190
9,2,103,12,10.5970064041,77.9661041097,650
10,2,104,12,5.89523633351,25.4476055503,150
11,2,105,13,11.253067994,80.8351074097,700
12,2,106,13,3.79526368213,53.3176197484,200
13,3,101,11,15.5674332527,82.6435644113,1050
14,3,102,11,5.85624998016,32.4532826245,190
15,3,103,12,11.8519219296,75.056228368,650
16,3,104,12,7.1676375745,20.9307950735,150
17,3,105,13,12.6117897242,77.9079753441,700
18,3,106,13,4.85297349943,41.2182203867,200
19,4,101,11,14.3062595827,83.216782025,1050
20,4,102,11,4.44812188989,42.744537089,190
21,4,103,12,10.5913342391,75.9760496137,650
22,4,104,12,5.77214817757,25.9912377782,150
23,4,105,13,11.2886588981,78.6737880691,700
24,4,106,13,3.4819765111,57.5622869283,200
25,5,101,11,14.3898309831,85.3420652211,1050
26,5,102,11,4.74863127558,40.3708778135,190
27,5,103,12,10.6818518749,77.4868197117,650
28,5,104,12,5.93986698976,25.2557627484,150
29,5,105,13,11.3094087335,80.3523664313,700
30,5,106,13,3.82277055512,52.9255395755,200
31,6,101,11,15.6727080019,82.0145000195,1050
32,6,102,11,5.91972573864,32.1048043109,190
33,6,103,12,11.9375737691,74.5293917798,650
34,6,104,12,7.21527404869,20.7919201627,150
35,6,105,13,12.7179192162,77.3662036719,700
36,6,106,13,4.90014809242,40.8212064579,200
37,7,101,11,14.7418766129,80.3231505854,1050
38,7,102,11,4.58664161569,41.4495328814,190
39,7,103,12,10.8070263072,73.8367141097,650
40,7,104,12,5.81273746157,25.8084290475,150
41,7,105,13,11.4489810559,76.4816637789,700
42,7,106,13,3.72757089239,54.3192511052,200
43,8,101,11,14.7837445431,82.6168683703,1050
44,8,102,11,4.85988049679,39.4371348806,190
45,8,103,12,10.8663537303,75.551163453,650
46,8,104,12,5.9697212867,25.1286342181,150
47,8,105,13,11.445097156,78.3363355308,700
48,8,106,13,3.9897336706,50.6771250069,200
49,9,101,11,15.9835733559,79.3844163674,1050
50,9,102,11,5.99986945916,31.6757632606,190
51,9,103,12,12.0740793144,72.5903397857,650
52,9,104,12,7.22193928571,20.7721345313,150
53,9,105,13,12.7976466348,75.5679019628,700
54,9,106,13,5.06968111606,39.7699307092,200
55,10,101,11,14.1741298823,85.9943351527,1050
56,10,102,11,4.55293848395,41.7560772784,190
57,10,103,12,10.5258974853,78.1404747179,650
58,10,104,12,5.79963606172,25.8680255339,150
59,10,105,13,11.1765920094,80.8312820569,700
60,10,106,13,3.6518200145,54.8440815508,200
61,11,101,11,14.257425587,87.9884983539,1050
62,11,102,11,4.82923659569,39.6892044693,190
63,11,103,12,10.6254080845,79.4834585256,650
64,11,104,12,5.95638475941,25.1857063174,150
65,11,105,13,11.2941089573,82.2816201256,700
66,11,106,13,3.95451028136,51.1286487803,200
67,12,101,11,15.5465251097,85.2187286731,1050
68,12,102,11,5.9711254931,31.8278029934,190
69,12,103,12,11.8773714857,76.3019982128,650
70,12,104,12,7.20900410693,20.8099175245,150
71,12,105,13,12.607309637,79.2510895355,700
72,12,106,13,5.03499348633,40.0431863219,200
73,13,101,11,14.5213528258,79.943969081,1050
74,13,102,11,4.36026565153,43.6119155027,190
75,13,103,12,10.712865417,73.4986687734,650
76,13,104,12,5.70282750225,26.3071457297,150
77,13,105,13,11.4183074333,76.063839874,700
78,13,106,13,3.41333374857,58.7559525482,200
79,14,101,11,14.6387067103,82.2192794981,1050
80,14,102,11,4.62348119364,41.1179484613,190
81,14,103,12,10.7444330319,75.2182387294,650
82,14,104,12,5.87274315011,25.544577688,150
83,14,105,13,11.4074700444,77.9772275709,700
84,14,106,13,3.74788943757,54.0132035874,200
85,15,101,11,15.8128575178,79.0851177791,1050
86,15,102,11,5.81963706534,32.6585071906,190
87,15,103,12,11.956342284,72.4169473776,650
88,15,104,12,7.13268100932,21.0329819657,150
89,15,105,13,12.7227542687,75.2275999152,700
90,15,106,13,4.80782165291,41.6104523838,200
91,16,101,11,14.0588627681,87.3396868557,1050
92,16,102,11,4.57980028249,41.5099663474,190
93,16,103,12,10.4719628288,78.9957681744,650
94,16,104,12,5.83738803975,25.7009152137,150
95,16,105,13,11.2321717536,81.826969026,700
96,16,106,13,3.66112206398,54.6990742162,200
97,17,101,11,14.1575755732,89.3773641899,1050
98,17,102,11,4.86017554759,39.4336811453,190
99,17,103,12,10.5765263859,80.4431197161,650
100,17,104,12,5.99628681359,25.0182021037,150
101,17,105,13,11.2785844401,83.1807885255,700
102,17,106,13,3.97181392688,50.8998865075,200
103,18,101,11,15.4712828038,86.4673303511,1050
104,18,102,11,6.01996418344,31.5690991469,190
105,18,103,12,11.88230043,77.113259763,650
106,18,104,12,7.26675737203,20.6445218623,150
107,18,105,13,12.6529755092,79.9608989878,700
108,18,106,13,5.07054820835,39.7585838847,200
109,19,101,11,14.3140693087,84.1197499583,1050
110,19,102,11,4.54257458127,41.8512781337,190
111,19,103,12,10.5918718151,76.702824712,650
112,19,104,12,5.81428503482,25.8021012694,150
113,19,105,13,11.2789030889,79.4405134015,700
114,19,106,13,3.60104729393,55.6262872927,200
115,20,101,11,14.3859608617,86.2157656484,1050
116,20,102,11,4.82963078817,39.6857680753,190
117,20,103,12,10.6825814089,78.1639370891,650
118,20,104,12,5.97717148097,25.0975661725,150
119,20,105,13,11.3056775539,81.0540972249,700
120,20,106,13,3.92472978534,51.5236376785,200
121,21,101,11,15.7127404649,82.7751673843,1050
122,21,102,11,5.99272145003,31.7130447738,190
123,21,103,12,11.9713520726,74.9443740255,650
124,21,104,12,7.24875393856,20.6953553669,150
125,21,105,13,12.7517647242,77.9761423269,700
126,21,106,13,5.02990695243,40.0853410736,200
127,22,101,11,14.162016963,85.1152844989,1050
128,22,102,11,4.46810863422,42.5530266017,190
129,22,103,12,10.5086197912,77.4638823675,650
130,22,104,12,5.77860635825,25.9626597911,150
131,22,105,13,11.2092832924,80.1714835803,700
132,22,106,13,3.5389191653,56.6196550243,200
133,23,101,11,14.2490757724,87.1348142743,1050
134,23,102,11,4.76164021784,40.2596766688,190
135,23,103,12,10.6068537825,78.8472987353,650
136,23,104,12,5.94488332739,25.2348393202,150
137,23,105,13,11.3196795928,81.7130407706,700
138,23,106,13,3.85890211581,52.4198584445,200
139,24,101,11,15.5531220914,83.7642742024,1050
140,24,102,11,5.92800067931,32.0599337108,190
141,24,103,12,11.8600092369,75.7002080858,650
142,24,104,12,7.22007791361,20.7784155942,150
143,24,105,13,12.6441940284,78.6580658773,700
144,24,106,13,4.96287920284,40.6312135048,200
145,25,101,11,14.4889424478,83.5346999332,1050
146,25,102,11,4.59610326443,41.3625970669,190
147,25,103,12,10.654793523,76.2561115238,650
148,25,104,12,5.81777474234,25.7864145376,150
149,25,105,13,11.2970039669,79.0513860744,700
150,25,106,13,3.73794614736,54.1558164172,200
151,26,101,11,14.4943757232,85.6801599076,1050
152,26,102,11,4.86765370752,39.372649584,190
153,26,103,12,10.7354869554,77.7577096088,650
154,26,104,12,5.9733770033,25.1134110987,150
155,26,105,13,11.3193017156,80.7028038375,700
156,26,106,13,3.99787758605,50.5671603978,200
157,27,101,11,15.7894718723,82.3157399736,1050
158,27,102,11,6.00704394591,31.6374090686,190
159,27,103,12,11.9837677419,74.6486642659,650
160,27,104,12,7.22487078706,20.763751287,150
161,27,105,13,12.7135359037,77.6589994104,700
162,27,106,13,5.0761912369,39.7165869735,200
163,28,101,11,14.0871302168,85.9507879077,1050
164,28,102,11,4.46022015935,42.6278607175,190
165,28,103,12,10.4772815977,78.1011852134,650
166,28,104,12,5.75378640414,26.0748005472,150
167,28,105,13,11.1552273914,80.8259491667,700
168,28,106,13,3.54370042076,56.5396043845,200
169,29,101,11,14.1834423445,87.9254585354,1050
170,29,102,11,4.74810326928,40.3752184287,190
171,29,103,12,10.5831603718,79.4352997708,650
172,29,104,12,5.91583802902,25.3588121012,150
173,29,105,13,11.2698209711,82.2137928445,700
174,29,106,13,3.85732329758,52.440068759,200
175,30,101,11,15.4342736364,85.1110752716,1050
176,30,102,11,5.89617902907,32.2329789773,190
177,30,103,12,11.8209523669,76.255130727,650
178,30,104,12,7.18528260918,20.8791228198,150
179,30,105,13,12.5685078641,79.1603309481,700
180,30,106,13,4.90435708075,40.7845874503,200
181,31,101,11,14.1687112122,85.6731532119,1050
182,31,102,11,4.51206586696,42.1365342289,190
183,31,103,12,10.5192669501,77.8850218032,650
184,31,104,12,5.7803082315,25.9549510852,150
185,31,105,13,11.1768942758,80.5745485473,700
186,31,106,13,3.60913311555,55.503821075,200
187,32,101,11,14.2519817169,87.6763613043,1050
188,32,102,11,4.793076842,39.992408026,190
189,32,103,12,10.6193762407,79.2425915601,650
190,32,104,12,5.9392417251,25.2587493323,150
191,32,105,13,11.290163262,82.0350920917,700
192,32,106,13,3.91471858906,51.6588167846,200
193,33,101,11,15.5351211714,84.8941606695,1050
194,33,102,11,5.93745459159,32.0086985268,190
195,33,103,12,11.8514937707,76.0932449638,650
196,33,104,12,7.19367081067,20.8546040952,150
197,33,105,13,12.5786198134,79.0558491807,700
198,33,106,13,4.99741642681,40.3473160416,200
199,34,101,11,14.5252022063,80.728143769,1050
200,34,102,11,4.45276474466,42.7010944858,190
201,34,103,12,10.7171195568,74.1515895512,650
202,34,104,12,5.74862865148,26.0971756838,150
203,34,105,13,11.3973513175,76.7641386534,700
204,34,106,13,3.52336360889,56.8861103989,200
205,35,101,11,14.6361642615,82.9856664878,1050
206,35,102,11,4.74389613882,40.4124107584,190
207,35,103,12,10.788345023,75.8362434208,650
208,35,104,12,5.91297931897,25.370451957,150
209,35,105,13,11.3931988002,78.6304201044,700
210,35,106,13,3.84592224773,52.606634777,200
211,36,101,11,15.8043058912,79.7797174822,1050
212,36,102,11,5.89377447518,32.2468070127,190
213,36,103,12,11.9822682853,72.8562169624,650
214,36,104,12,7.16980663257,20.9237697534,150
215,36,105,13,12.7302566738,75.8408609015,700
216,36,106,13,4.89861211745,40.8360392228,200
217,37,201,21,8.17382544672,84.1748677048,650
218,37,202,21,4.12983603488,53.8667031378,220
219,37,203,22,7.98691846909,75.1464011687,500
220,37,204,22,6.55751703071,30.5014716834,200
221,37,205,23,8.96366308787,77.1845352216,550
222,37,206,23,3.05756682883,79.3679056127,240
223,38,201,21,8.25953580789,85.4102146558,650
224,38,202,21,4.46275206155,49.7834098712,220
225,38,203,22,8.14158941936,75.840466797,500
226,38,204,22,6.78896510494,29.4626359642,200
227,38,205,23,8.96027558497,78.6620825132,550
228,38,206,23,3.1409312308,76.9281747006,240
229,39,201,21,9.59991101207,80.0515342658,650
230,39,202,21,5.71872953989,38.7574543618,220
231,39,203,22,9.20879196444,72.3868957969,500
232,39,204,22,8.28289723199,24.1483870707,200
233,39,205,23,10.0030604529,75.3174218589,550
234,39,206,23,4.3233817562,55.6323627383,240
235,40,201,21,8.2355270807,83.656428189,650
236,40,202,21,4.16695344828,53.375177402,220
237,40,203,22,8.03182174951,74.6400635,500
238,40,204,22,6.61141755059,30.2533282898,200
239,40,205,23,9.00636397363,76.7227662885,550
240,40,206,23,3.07948505718,78.7381719227,240
241,41,201,21,8.28467818544,84.9425206527,650
242,41,202,21,4.50937601198,49.2605354451,220
243,41,203,22,8.18544175394,75.4227301309,500
244,41,204,22,6.84707210622,29.21282392,200
245,41,205,23,9.00581623167,78.226968088,550
246,41,206,23,3.13038904486,77.1959320828,240
247,42,201,21,9.66119690685,79.4959879899,650
248,42,202,21,5.78715473076,38.2944882102,220
249,42,203,22,9.2769701498,71.9179066836,500
250,42,204,22,8.36275268642,23.9180148952,200
251,42,205,23,10.1022605309,74.8055220754,550
252,42,206,23,4.36361918535,55.1095233485,240
253,43,201,21,8.45606512547,80.5119948088,650
254,43,202,21,4.38191058421,50.7167351991,220
255,43,203,22,8.25599943953,72.5236471957,500
256,43,204,22,6.69515599744,29.8760079779,200
257,43,205,23,9.12422392791,74.7759280411,550
258,43,206,23,3.17518408768,76.1066866983,240
259,44,201,21,8.69813127524,81.0975073565,650
260,44,202,21,4.6402240106,47.4387617595,220
261,44,203,22,8.36378545071,73.6632001353,500
262,44,204,22,6.91081678772,28.9441407286,200
263,44,205,23,9.10877984624,76.3078884041,550
264,44,206,23,3.43202212691,70.2236768603,240
265,45,201,21,9.99519516199,77.0863111165,650
266,45,202,21,5.91894488771,37.4341765232,220
267,45,203,22,9.40810328071,70.2782451425,500
268,45,204,22,8.39977060197,23.8129097223,200
269,45,205,23,10.1678554722,73.3099825451,550
270,45,206,23,4.64104451714,52.2417721897,240
271,46,201,21,8.08448915974,86.418234275,650
272,46,202,21,4.33521679464,51.271995604,220
273,46,203,22,8.05365319734,76.2449271538,500
274,46,204,22,6.66935124818,29.9902353436,200
275,46,205,23,8.90881611628,78.6749814592,550
276,46,206,23,3.00898530838,80.3028555944,240
277,47,201,21,8.46987357411,86.4066781793,650
278,47,202,21,4.59680026358,47.8878896125,220
279,47,203,22,8.19285803335,76.8765695765,500
280,47,204,22,6.88445840982,29.0544546396,200
281,47,205,23,8.92703929379,79.8365112522,550
282,47,206,23,3.38056203071,71.2919133902,240
283,48,201,21,9.81048453458,81.3274117646,650
284,48,202,21,5.8778308355,37.6981276833,220
285,48,203,22,9.27582745645,73.1223734286,500
286,48,204,22,8.37422527887,23.8853054494,200
287,48,205,23,10.0198179835,76.3081504813,550
288,48,206,23,4.58651680663,52.8667846695,240
289,49,201,21,8.46654713666,80.0170833145,650
290,49,202,21,4.03276622765,54.6308832057,220
291,49,203,22,8.04096121167,72.6245063458,500
292,49,204,22,6.5173707567,30.691001378,200
293,49,205,23,9.10809962058,74.410948916,550
294,49,206,23,3.19380184366,75.6151663478,240
295,50,201,21,8.38781241531,82.463925671,650
296,50,202,21,4.41453232553,50.3355520405,220
297,50,203,22,8.22350452685,73.6497220383,500
298,50,204,22,6.75865573785,29.5952598937,200
299,50,205,23,9.08513162025,76.0842661291,550
300,50,206,23,3.11538705249,77.4848468229,240
301,51,201,21,9.72983943288,77.0774281627,650
302,51,202,21,5.67314352693,39.0721604601,220
303,51,203,22,9.26483849631,70.3763386133,500
304,51,204,22,8.25458452189,24.2314048298,200
305,51,205,23,10.0898468154,73.1320502767,550
306,51,206,23,4.26597380391,56.3991478831,240
307,52,201,21,7.98425947675,87.9027478454,650
308,52,202,21,4.35349039767,51.0541027412,220
309,52,203,22,8.02380237221,76.8587422408,500
310,52,204,22,6.71191410967,29.7996432334,200
311,52,205,23,8.88520489207,79.5549205501,550
312,52,206,23,3.05156089031,81.3644978218,240
313,53,201,21,8.41064322083,87.5287245455,650
314,53,202,21,4.62215234396,47.6244721375,220
315,53,203,22,8.16500447776,77.6368745699,500
316,53,204,22,6.92966051509,28.864775952,200
317,53,205,23,8.91327985717,80.4386821545,550
318,53,206,23,3.37136474491,71.4859546348,240
319,54,201,21,9.76612885904,82.2695424856,650
320,54,202,21,5.9238538245,37.4028218165,220
321,54,203,22,9.28180556366,73.7090643815,500
322,54,204,22,8.4415247115,23.6948389746,200
323,54,205,23,10.0719256867,76.8294554099,550
324,54,206,23,4.60916677894,52.600190565,240
325,55,201,21,8.17279105956,84.4107759393,650
326,55,202,21,4.30240143689,51.667174194,220
327,55,203,22,8.08515040075,75.0731956369,500
328,55,204,22,6.68301970092,29.9292653613,200
329,55,205,23,8.99185023851,77.383370766,550
330,55,206,23,3.04752479354,79.668408457,240
331,56,201,21,8.45942828041,85.192845271,650
332,56,202,21,4.5819274546,48.0431537516,220
333,56,203,22,8.22224883298,75.8166023002,500
334,56,204,22,6.90666845623,28.9611843228,200
335,56,205,23,8.99872146921,78.6655924529,550
336,56,206,23,3.2933639609,73.2251575403,240
337,57,201,21,9.76798288653,80.0521909672,650
338,57,202,21,5.88918619535,37.6244897582,220
339,57,203,22,9.3275769504,72.3405427926,500
340,57,204,22,8.42017657821,23.7551029213,200
341,57,205,23,10.1451649606,75.2594854995,550
342,57,206,23,4.54979368164,53.2993902266,240
343,58,201,21,8.06219731137,85.9203516448,650
344,58,202,21,4.21139511132,52.8051164374,220
345,58,203,22,7.99673547003,75.8501192287,500
346,58,204,22,6.6204096085,30.2118399367,200
347,58,205,23,8.93852785175,78.0257277598,550
348,58,206,23,3.01711417173,80.5750831131,240
349,59,201,21,8.31494264373,86.2361410009,650
350,59,202,21,4.53463512827,48.9824271202,220
351,59,203,22,8.14326785024,76.4795494167,500
352,59,204,22,6.85042614,29.1986157931,200
353,59,205,23,8.94868499715,79.2379167156,550
354,59,206,23,3.24174931604,74.4287136756,240
355,60,201,21,9.61224633519,80.8643088796,650
356,60,202,21,5.80148432304,38.1994802319,220
357,60,203,22,9.22978143312,72.9643719225,500
358,60,204,22,8.36615494908,23.9081863128,200
359,60,205,23,10.050754317,75.8952025587,550
360,60,206,23,4.4194738947,54.4048534147,240
361,61,201,21,8.26988310714,83.8943212086,650
362,61,202,21,4.3942066195,50.5720184185,220
363,61,203,22,8.15969666701,74.5638048415,500
364,61,204,22,6.70258951656,29.8422421329,200
365,61,205,23,9.00341980138,77.0359095845,550
366,61,206,23,3.07194957542,78.6374275386,240
367,62,201,21,8.63384103178,84.1297853809,650
368,62,202,21,4.64975190638,47.3398682848,220
369,62,203,22,8.28150895286,75.399732191,500
370,62,204,22,6.91516248154,28.9257901721,200
371,62,205,23,9.01091868063,78.3593384967,550
372,62,206,23,3.44134009527,70.0071663409,240
373,63,201,21,9.86819832579,79.5369465704,650
374,63,202,21,5.92788757962,37.3767483979,220
375,63,203,22,9.35526325681,71.7842204961,500
376,63,204,22,8.40385986762,23.8012712821,200
377,63,205,23,10.1090418912,74.9642222568,550
378,63,206,23,4.65045042008,52.1280275472,240
379,64,201,21,7.94801531451,86.9045886681,650
380,64,202,21,4.21205384224,52.7965296991,220
381,64,203,22,7.97765432855,76.3924671502,500
382,64,204,22,6.5967529768,30.3198963031,200
383,64,205,23,8.89756312889,78.596650265,550
384,64,206,23,3.03109638732,81.3575646721,240
385,65,201,21,8.2904739821,86.9111625929,650
386,65,202,21,4.52822124161,49.0520001203,220
387,65,203,22,8.12938610398,76.9703122721,500
388,65,204,22,6.82033809138,29.327355288,200
389,65,205,23,8.90857658758,79.7632251174,550
390,65,206,23,3.24975840869,74.2378851585,240
391,66,201,21,9.66801269226,81.4968957286,650
392,66,202,21,5.77597550912,38.3693170175,220
393,66,203,22,9.20653039936,73.1569257922,500
394,66,204,22,8.31300510658,24.0610361286,200
395,66,205,23,9.97658010337,76.2513131371,550
396,66,206,23,4.41262582342,54.4883616827,240
397,67,201,21,8.04953687042,86.382601009,650
398,67,202,21,4.28224740333,51.9181764126,220
399,67,203,22,8.03093521858,76.1004947672,500
400,67,204,22,6.63769017503,30.1330615766,200
401,67,205,23,8.91184797783,78.4402643236,550
402,67,206,23,3.00119809878,80.8001557592,240
403,68,201,21,8.38995233264,86.325288928,650
404,68,202,21,4.58879263406,48.3963640966,220
405,68,203,22,8.17280447714,76.7344532364,500
406,68,204,22,6.85589164558,29.1754043847,200
407,68,205,23,8.92406764826,79.6259929923,550
408,68,206,23,3.33126536116,72.3815850914,240
409,69,201,21,9.69896080884,81.142119195,650
410,69,202,21,5.83189483327,37.9981946014,220
411,69,203,22,9.24503686228,72.993911671,500
412,69,204,22,8.34698828717,23.9631314576,200
413,69,205,23,9.99110121133,76.1628349682,550
414,69,206,23,4.53115817361,53.5277171992,240
415,70,201,21,8.39748587772,80.9092532183,650
416,70,202,21,4.19740795428,52.981855385,220
417,70,203,22,8.13024734348,73.0431419878,500
418,70,204,22,6.59080436533,30.3487843089,200
419,70,205,23,9.08895463159,75.0158177851,550
420,70,206,23,3.1632711528,76.4225586907,240
421,71,201,21,8.49605762602,82.4199539833,650
422,71,202,21,4.52210598166,49.120470006,220
423,71,203,22,8.26231151788,74.0605671924,500
424,71,204,22,6.82082162579,29.3256671727,200
425,71,205,23,9.07110098033,76.6491980841,550
426,71,206,23,3.22040651493,74.9764302932,240
427,72,201,21,9.79277463955,77.5522072638,650
428,72,202,21,5.7733497226,38.387238998,220
429,72,203,22,9.30824133074,70.5710211174,500
430,72,204,22,8.31392173104,24.0585761517,200
431,72,205,23,10.1038983196,73.5098211773,550
432,72,206,23,4.39962571166,54.6604333632,240
433,73,301,31,5.16180126702,83.5414756925,420
434,73,302,31,3.63272513439,83.131825869,300
435,73,303,32,4.2043039152,82.1666427472,330
436,73,304,32,4.44689337658,58.6432540417,260
437,73,305,33,5.76625149171,77.0348824993,400
438,73,306,33,4.44242762195,79.8931011855,350
439,74,301,31,4.98016866621,86.0389606825,420
440,74,302,31,3.51055840834,85.7979639424,300
441,74,303,32,4.13361861164,85.190093642,330
442,74,304,32,4.89470846182,53.6432076432,260
443,74,305,33,5.94610375074,77.4443723008,400
444,74,306,33,4.40869631725,81.855976646,350
445,75,301,31,5.36853282039,82.2059379379,420
446,75,302,31,4.77997054257,62.8667589091,300
447,75,303,32,5.14791612138,73.4140048133,330
448,75,304,32,6.23887519384,41.7058719508,260
449,75,305,33,6.51499980871,74.1945467675,400
450,75,306,33,4.54007230777,78.9049177946,350
451,76,301,31,5.20794846841,82.7896722828,420
452,76,302,31,3.66992446917,82.3395503862,300
453,76,303,32,4.24436745907,81.3003611426,330
454,76,304,32,4.47140439142,58.3110163175,260
455,76,305,33,5.79559147774,76.5648516407,400
456,76,306,33,4.47618840298,79.2084956116,350
457,77,301,31,5.06188196196,85.3122157166,420
458,77,302,31,3.54459662121,85.0292941935,300
459,77,303,32,4.17066433604,84.331717571,330
460,77,304,32,4.93525045208,53.1921885349,260
461,77,305,33,5.9783385666,77.0106878651,400
462,77,306,33,4.39887865812,81.214122377,350
463,78,301,31,5.41305410932,81.4996713564,420
464,78,302,31,4.82213872547,62.3060823791,300
465,78,303,32,5.18452763846,72.8963747668,330
466,78,304,32,6.31048836693,41.2299441174,260
467,78,305,33,6.56557577795,73.7454341149,400
468,78,306,33,4.57323588791,78.2570150148,350
469,79,301,31,5.36944462877,79.7112952102,420
470,79,302,31,3.82745630201,79.1200685087,300
471,79,303,32,4.39026568386,77.8487838666,330
472,79,304,32,4.74925771878,54.8561790027,260
473,79,305,33,6.00929447295,74.1748192581,400
474,79,306,33,4.63722985825,76.2527972989,350
475,80,301,31,5.24483963257,82.3020376528,420
476,80,302,31,3.74207792821,81.4856220409,300
477,80,303,32,4.30306960362,80.6999933648,330
478,80,304,32,5.15597245794,50.8820958249,260
479,80,305,33,6.13901414982,75.0471424142,400
480,80,306,33,4.53621848803,78.4641728458,350
481,81,301,31,5.56414306525,78.354752259,420
482,81,302,31,5.16039065262,58.1923595071,300
483,81,303,32,5.40326410703,70.2334602195,330
484,81,304,32,6.52543664737,40.1147217117,260
485,81,305,33,6.71648653161,72.1220655877,400
486,81,306,33,4.71081776562,75.4193475097,350
487,82,301,31,4.98201700375,85.9863765554,420
488,82,302,31,3.51470109608,85.724442931,300
489,82,303,32,4.11971420671,85.0686467735,330
490,82,304,32,4.71152959438,55.2945521101,260
491,82,305,33,5.84159148049,77.7228503906,400
492,82,306,33,4.40193251149,81.8781568228,350
493,83,301,31,4.8565888038,88.4329049291,420
494,83,302,31,3.63110597949,82.872328423,300
495,83,303,32,4.21525976708,84.8575913885,330
496,83,304,32,5.10672557212,51.3749908097,260
497,83,305,33,5.98802872845,78.2190980206,400
498,83,306,33,4.3318735952,83.7770838069,350
499,84,301,31,5.43639289332,83.7362423106,420
500,84,302,31,5.0893778647,59.0055398643,300
501,84,303,32,5.29290782496,73.2113801566,330
502,84,304,32,6.47249923076,40.4442680068,260
503,84,305,33,6.57229517865,75.1680787566,400
504,84,306,33,4.54981579757,77.6162469573,350
505,85,301,31,5.39886650149,79.2163517178,420
506,85,302,31,3.85559277565,78.5882418248,300
507,85,303,32,4.38247004871,77.2511796033,330
508,85,304,32,4.36459832996,59.770650696,260
509,85,305,33,5.83479623326,74.666177861,400
510,85,306,33,4.63645960411,75.9775463358,350
511,86,301,31,5.27363375021,81.7928254514,420
512,86,302,31,3.75744903379,81.3185887236,300
513,86,303,32,4.28395083075,80.2417141273,330
514,86,304,32,4.78150897163,54.4772179984,260
515,86,305,33,5.97078027865,75.3113569514,400
516,86,306,33,4.5416864834,78.1450572263,350
517,87,301,31,5.4868742648,78.2255837299,420
518,87,302,31,4.74488899001,63.8705975562,300
519,87,303,32,5.16101885437,71.7795367009,330
520,87,304,32,6.1812545383,42.0985194296,260
521,87,305,33,6.59197811982,72.0528975251,400
522,87,306,33,4.72754203316,75.1997983382,350
523,88,301,31,4.89461552563,87.5519469147,420
524,88,302,31,3.44290948339,87.3832560461,300
525,88,303,32,4.05434672133,86.9396732489,330
526,88,304,32,4.72815896046,55.0947557017,260
527,88,305,33,5.81647403902,78.4868310929,400
528,88,306,33,4.34272005933,83.2369195687,350
529,89,301,31,4.77893473287,89.9505494637,420
530,89,302,31,3.59845495803,83.6473113671,300
531,89,303,32,4.18130007425,85.9988019837,330
532,89,304,32,5.13029154545,51.1337803677,260
533,89,305,33,5.96884439764,78.8873561799,400
534,89,306,33,4.27969246575,85.0437086103,350
535,90,301,31,5.38533249717,84.9091134005,420
536,90,302,31,5.11016047531,58.7648839876,300
537,90,303,32,5.28221401111,73.7823248626,330
538,90,304,32,6.51993878342,40.1468107663,260
539,90,305,33,6.57998162185,75.7361455408,400
540,90,306,33,4.51995988932,78.0737573467,350
541,91,301,31,5.14548427377,83.8471151778,420
542,91,302,31,3.6167193844,83.4638953226,300
543,91,303,32,4.21047764308,82.5564906256,330
544,91,304,32,4.64257602781,56.1228002235,260
545,91,305,33,5.85504704408,76.7589902644,400
546,91,306,33,4.44280695844,80.0586029762,350
547,92,301,31,4.96388432491,86.3552025961,420
548,92,302,31,3.49515113058,86.1401992524,300
549,92,303,32,4.14249718613,85.5931639613,330
550,92,304,32,5.07916121127,51.6569520719,260
551,92,305,33,6.017075535,77.278638184,400
552,92,306,33,4.40606778282,82.0473233063,350
553,93,301,31,5.41961924873,82.7014615204,420
554,93,302,31,5.02939483028,59.7123512626,300
555,93,303,32,5.28176329188,72.5481600563,330
556,93,304,32,6.47521057382,40.4268662632,260
557,93,305,33,6.63538165508,74.1199624345,400
558,93,306,33,4.55733017492,77.8541615677,350
559,94,301,31,5.07860318108,84.9577982821,420
560,94,302,31,3.56304992537,84.6385173572,300
561,94,303,32,4.14669174001,83.8575217385,330
562,94,304,32,4.54823943376,57.3103656247,260
563,94,305,33,5.78601397397,77.547439634,400
564,94,306,33,4.39118966493,81.0953488194,350
565,95,301,31,4.9046178608,87.4135170804,420
566,95,302,31,3.46205745316,86.9744309038,300
567,95,303,32,4.10130153452,86.3604501963,330
568,95,304,32,4.9817637954,52.6873688027,260
569,95,305,33,5.95656144557,77.9473056504,400
570,95,306,33,4.36190375388,82.9937346991,350
571,96,301,31,5.31486963711,84.1238669584,420
572,96,302,31,4.91621592946,61.1052088253,300
573,96,303,32,5.19836455192,73.4568890372,330
574,96,304,32,6.33220495156,41.0883837938,260
575,96,305,33,6.52969656718,74.7268840764,400
576,96,306,33,4.49104913589,79.6974116647,350
577,97,301,31,5.18453403359,83.2295604074,420
578,97,302,31,3.64634888642,82.8198813532,300
579,97,303,32,4.25433557782,81.8625225642,330
580,97,304,32,4.77232591606,54.5818347856,260
581,97,305,33,5.930388303,76.1469561695,400
582,97,306,33,4.4777585584,79.4310106015,350
583,98,301,31,5.00155251739,85.7636094254,420
584,98,302,31,3.74610418211,81.1562208459,300
585,98,303,32,4.3392524339,82.5237471096,330
586,98,304,32,5.16675180405,50.7698113844,260
587,98,305,33,6.06516289359,76.8340781109,400
588,98,306,33,4.43373771081,81.4898617352,350
589,99,301,31,5.55214136832,81.5431282524,420
590,99,302,31,5.17595953004,58.0100444704,300
591,99,303,32,5.36840926024,71.7429794126,330
592,99,304,32,6.53360722493,40.0624786131,260
593,99,305,33,6.64809596164,73.8543096854,400
594,99,306,33,4.63770302257,76.093119625,350
595,100,301,31,4.98476492237,85.8996713247,420
596,100,302,31,3.5191181227,85.6292015782,300
597,100,303,32,4.10544448784,84.9522310852,330
598,100,304,32,4.55928297232,57.1679541655,260
599,100,305,33,5.77085006379,78.020410232,400
600,100,306,33,4.39468763534,81.9061092569,350
601,101,301,31,4.85618481489,88.3287844629,420
602,101,302,31,3.4693817882,86.7977754772,300
603,101,303,32,4.09652235178,86.7698929653,330
604,101,304,32,4.98090028062,52.6949111745,260
605,101,305,33,5.93802534067,78.3924290846,400
606,101,306,33,4.32871734231,83.7618199389,350
607,102,301,31,5.29893237309,84.9089695475,420
608,102,302,31,4.91102130067,61.168909166,300
609,102,303,32,5.1938274039,73.881904852,330
610,102,304,32,6.30854017041,41.2423795462,260
611,102,305,33,6.49368169201,75.2161321091,400
612,102,306,33,4.45862791755,80.0996116888,350
613,103,301,31,5.00295900757,85.6063345081,420
614,103,302,31,3.5325227287,85.322279257,300
615,103,303,32,4.12923953789,84.6168723655,330
616,103,304,32,4.64780266857,56.0666634887,260
617,103,305,33,5.82034072632,77.6575595329,400
618,103,306,33,4.41290054327,81.5830685115,350
619,104,301,31,4.8733968246,88.0547788556,420
620,104,302,31,3.57424277105,84.2154994793,300
621,104,303,32,4.17636440752,85.3090260012,330
622,104,304,32,5.05239624464,51.9384228252,260
623,104,305,33,5.97357607702,78.1273616528,400
624,104,306,33,4.34287555127,83.4834042677,350
625,105,301,31,5.39691326832,83.8658420432,420
626,105,302,31,5.01475245253,59.8930974491,300
627,105,303,32,5.25542394203,73.3296423599,330
628,105,304,32,6.37754192785,40.7948683202,260
629,105,305,33,6.51779341795,75.0456535829,400
630,105,306,33,4.51474448782,78.4419951029,350
631,106,301,31,5.341129122,80.0980091146,420
632,106,302,31,3.80752874428,79.519822207,300
633,106,303,32,4.34723907171,78.2633995638,330
634,106,304,32,4.52020358326,57.6767829061,260
635,106,305,33,5.88999657845,74.8594901802,400
636,106,306,33,4.60398940969,76.719991154,350
637,107,301,31,5.21970718746,82.6732077286,420
638,107,302,31,3.71238580707,82.2504320429,300
639,107,303,32,4.25572868499,81.270898654,330
640,107,304,32,4.95863264582,52.9416177236,260
641,107,305,33,6.04915654055,75.5602396183,400
642,107,306,33,4.51013948522,78.8772385896,350
643,108,301,31,5.49246541153,78.983962443,420
644,108,302,31,4.88501386012,61.4973031543,300
645,108,303,32,5.2499870089,71.5433032409,330
646,108,304,32,6.30482295986,41.2687916495,260
647,108,305,33,6.61022041601,72.4410756142,400
648,108,306,33,4.68821873748,75.9749968773,350
649,109,201,21,8.1412584647,84.3737474397,650
650,109,202,21,3.90730253864,56.4157947525,220
651,109,203,22,7.80834046799,75.5401721355,500
652,109,204,22,6.38027101333,31.3524357416,200
653,109,205,23,8.90261090233,77.2566894409,550
654,109,206,23,3.05564048309,79.4024182012,240
655,110,201,21,8.17382544672,84.1748677048,650
656,110,202,21,4.12983603488,53.8667031378,220
657,110,203,22,7.98691846909,75.1464011687,500
658,110,204,22,6.55751703071,30.5014716834,200
659,110,205,23,8.96366308787,77.1845352216,550
660,110,206,23,3.05756682883,79.3679056127,240
661,111,201,21,8.19936615953,84.3558229194,650
662,111,202,21,4.32843286177,51.3527207822,220
663,111,203,22,8.13458713566,74.7862663805,500
664,111,204,22,6.75812385502,29.5941493474,200
665,111,205,23,9.03305706916,77.1066539653,550
666,111,206,23,3.05964842031,79.3306673241,240
667,112,201,21,8.27948498715,80.9655262791,650
668,112,202,21,4.13128949287,53.8493693434,220
669,112,203,22,7.98830361448,75.1432695371,500
670,112,204,22,6.55977880209,30.4906051047,200
671,112,205,23,9.09124974806,75.5204986503,550
672,112,206,23,3.10241121897,78.5813251883,240
673,113,201,21,8.17382544672,84.1748677048,650
674,113,202,21,4.12983603488,53.8667031378,220
675,113,203,22,7.98691846909,75.1464011687,500
676,113,204,22,6.55751703071,30.5014716834,200
677,113,205,23,8.96366308787,77.1845352216,550
678,113,206,23,3.05756682883,79.3679056127,240
679,114,201,21,8.3526002724,80.1579766804,650
680,114,202,21,4.16841212331,53.3581989259,220
681,114,203,22,8.0331987487,74.637103443,500
682,114,204,22,6.6137085935,30.2425077185,200
683,114,205,23,9.13762194421,75.0407656966,550
684,114,206,23,3.1249913553,77.9604073729,240
685,115,201,21,8.2355270807,83.656428189,650
686,115,202,21,4.16695344828,53.375177402,220
687,115,203,22,8.03182174951,74.6400635,500
688,115,204,22,6.61141755059,30.2533282898,200
689,115,205,23,9.00636397363,76.7227662885,550
690,115,206,23,3.07948505718,78.7381719227,240
691,116,201,21,8.67513468369,76.9134334655,650
692,116,202,21,4.38332488245,50.7019643672,220
693,116,203,22,8.25728703555,72.505957924,500
694,116,204,22,6.69755035853,29.8650058545,200
695,116,205,23,9.27423668266,72.9952680971,550
696,116,206,23,3.22439165931,75.3511285839,240
697,117,201,21,8.45606512547,80.5119948088,650
698,117,202,21,4.38191058421,50.7167351991,220
699,117,203,22,8.25599943953,72.5236471957,500
700,117,204,22,6.69515599744,29.8760079779,200
701,117,205,23,9.12422392791,74.7759280411,550
702,117,206,23,3.17518408768,76.1066866983,240
703,118,201,21,8.17382544672,84.1748677048,650
704,118,202,21,4.12983603488,53.8667031378,220
705,118,203,22,7.98691846909,75.1464011687,500
706,118,204,22,6.55751703071,30.5014716834,200
707,118,205,23,8.96366308787,77.1845352216,550
708,118,206,23,3.05756682883,79.3679056127,240
709,119,201,21,8.17382544672,84.1748677048,650
710,119,202,21,4.12983603488,53.8667031378,220
711,119,203,22,7.98691846909,75.1464011687,500
712,119,204,22,6.55751703071,30.5014716834,200
713,119,205,23,8.96366308787,77.1845352216,550
714,119,206,23,3.05756682883,79.3679056127,240
715,120,201,21,8.17382544672,84.1748677048,650
716,120,202,21,4.12983603488,53.8667031378,220
717,120,203,22,7.98691846909,75.1464011687,500
718,120,204,22,6.55751703071,30.5014716834,200
719,120,205,23,8.96366308787,77.1845352216,550
720,120,206,23,3.05756682883,79.3679056127,240
721,121,201,21,8.23112614553,84.0464785262,650
722,121,202,21,4.26353918183,52.1443077736,220
723,121,203,22,8.12958958283,74.341109037,500
724,121,204,22,6.63180985454,30.1609607786,200
725,121,205,23,9.0785843768,76.4643629095,550
726,121,206,23,3.08013132126,78.9015289926,240
727,122,201,21,8.41041566263,83.2199802947,650
728,122,202,21,4.51465208659,49.1885516606,220
729,122,203,22,8.31678292527,73.8200993403,500
730,122,204,22,6.89921941477,29.0263919346,200
731,122,205,23,9.16725489195,76.375726814,550
732,122,206,23,3.1390374878,77.0133979805,240
733,123,201,21,8.65599674729,82.1292873663,650
734,123,202,21,4.69526724265,46.9161548838,220
735,123,203,22,8.46582820806,73.405951461,500
736,123,204,22,7.1016593167,28.227667436,200
737,123,205,23,9.24362247153,76.3055832968,550
738,123,206,23,3.29848405174,73.2955809683,240
739,124,201,21,8.7728789336,82.1081679678,650
740,124,202,21,4.82472211763,45.6951396726,220
741,124,203,22,8.5511582992,73.2636135322,500
742,124,204,22,7.22460695454,27.7589185163,200
743,124,205,23,9.29714304742,76.1092303004,550
744,124,206,23,3.39829499881,71.0361317173,240
745,125,201,21,8.85717865801,81.8145352032,650
746,125,202,21,4.90861225904,44.9285371415,220
747,125,203,22,8.60664028876,73.184070358,500
748,125,204,22,7.31048248666,27.4365061894,200
749,125,205,23,9.33547083591,76.0836916211,550
750,125,206,23,3.47144466146,69.4755703397,240
751,126,201,21,8.96675453131,81.5812101044,650
752,126,202,21,4.97361444096,44.3457562104,220
753,126,203,22,8.65017896967,73.1294802451,500
754,126,204,22,7.38145204192,27.1731279977,200
755,126,205,23,9.37094470444,76.0580662581,550
756,126,206,23,3.57414156919,68.1989432313,240
757,127,201,21,9.02995673261,81.3824766806,650
758,127,202,21,5.03163901468,43.8348748349,220
759,127,203,22,8.68890637394,73.0851667474,500
760,127,204,22,7.44722186619,26.9323128648,200
761,127,205,23,9.40415266067,76.0354987385,550
762,127,206,23,3.63332024905,67.0409311727,240
763,128,201,21,9.01112742194,81.2126500687,650
764,128,202,21,5.08761783976,43.3516205102,220
765,128,203,22,8.72656291993,72.9717056843,500
766,128,204,22,7.51167252249,26.6999287531,200
767,128,205,23,9.43825078991,75.8537057293,550
768,128,206,23,3.69135988403,65.9460199438,240
769,129,201,21,9.07104473078,81.0528432341,650
770,129,202,21,5.14324971232,42.881148085,220
771,129,203,22,8.76465429542,72.7485998535,500
772,129,204,22,7.57607983425,26.471429076,200
773,129,205,23,9.4732184239,75.8305065247,550
774,129,206,23,3.74959455865,64.8850646056,240
775,130,201,21,9.13085699225,80.885791288,650
776,130,202,21,5.1994095426,42.4162078649,220
777,130,203,22,8.80270963639,72.7121263793,500
778,130,204,22,7.64162219414,26.2428752519,200
779,130,205,23,9.51079127287,75.8027044432,550
780,130,206,23,3.80864506507,63.845278658,240
781,131,101,11,13.9427658302,87.0272227625,1050
782,131,102,11,4.42888310241,42.9311393015,190
783,131,103,12,10.420130295,78.6988364442,650
784,131,104,12,5.76382522415,26.030046735,150
785,131,105,13,11.1893196496,81.5844287528,700
786,131,106,13,3.48726496501,57.4649980478,200
787,132,201,21,7.80301540787,89.0155984649,650
788,132,202,21,4.19629543802,52.9975053109,220
789,132,203,22,7.92187762708,77.3524016052,500
790,132,204,22,6.60810376872,30.2675912715,200
791,132,205,23,8.84163011386,79.7850109551,550
792,132,206,23,2.9774864822,82.8896657564,240
793,133,301,31,4.68320956202,91.7212372514,420
794,133,302,31,3.26659550157,91.922328389,300
795,133,303,32,3.89245080743,92.0469663999,330
796,133,304,32,4.73002388686,55.0667092763,260
797,133,305,33,5.74269109103,80.3905864154,400
798,133,306,33,4.2023953747,86.6451784146,350
