drs_event_id,run_id,start_time_s,end_time_s,start_distance_m,end_distance_m,entry_speed_mps,exit_speed_mps
1,1,2.55924267355,11.5301629597,160,860,68.3337460211,83.8973395116
2,1,37.429504192,44.3594475218,2140,2610,52.1737482617,78.5967751629
3,2,2.66527914865,11.5911261038,160,860,67.1889698984,85.9839549858
4,2,38.047348926,44.9206210022,2140,2610,51.8532430654,80.0445761093
5,3,3.06129036499,11.7673538292,160,810,62.2043456428,82.6435644113
6,3,43.6034162747,50.9157630776,2140,2610,44.1410882194,77.4627439145
7,4,2.52974424505,11.596792065,160,860,68.0217618028,83.216782025
8,4,37.6680857234,44.6274985944,2140,2610,51.9494984151,78.1460863599
9,5,2.67977904005,11.6575640452,160,860,66.8606243867,85.3420652211
10,5,38.3658392929,45.266993744,2140,2610,51.6114022533,79.6245102042
11,6,3.0897090693,11.8496226603,160,810,61.8135791055,82.0145000195
12,6,43.9344926137,51.3129636563,2140,2610,43.5179409836,76.9497147295
13,7,2.67739153846,11.9947190277,160,860,65.7546617866,80.3231505854
14,7,38.5004718186,45.5623154371,2140,2610,51.7147407635,76.2759845263
15,8,2.76145552848,11.9822108798,160,860,65.1954342706,82.6168683703
16,8,39.0829797043,46.0723467555,2140,2610,51.472812131,77.8909451831
17,9,3.17893796306,11.976867365,160,800,60.8653287629,79.3844163674
18,9,44.4524024051,51.8720695655,2140,2610,44.0179712722,75.3441332064
19,10,2.58366642871,11.4845087999,160,860,67.7926785076,85.9943351527
20,10,37.595672764,44.4515969385,2140,2610,52.2986225058,80.068005228
21,11,2.71408798423,11.5318102429,160,860,66.9199199856,87.9884983539
22,11,38.2653418962,45.0738648579,2140,2610,51.9384787631,81.4023356256
23,12,3.13922038202,12.3113884201,160,860,62.277301123,85.2187286731
24,12,43.7713847577,51.0230565375,2140,2610,44.1292814501,78.8053795083
25,13,2.5239232637,11.806698244,160,860,67.317202364,79.943969081
26,13,37.8287055346,44.9080117683,2140,2610,51.794538297,75.8950825175
27,14,2.67172999076,11.8764398264,160,860,66.2753229643,82.2192794981
28,14,38.4632250706,45.4677020475,2140,2610,51.5596926764,77.5313306286
29,15,3.06855094192,12.1321373632,160,820,61.3307839184,79.0851177791
30,15,43.8749896901,51.3071973107,2140,2610,44.1492620739,74.9900226786
31,16,2.57878415508,11.3842226968,160,860,68.1549913934,87.3396868557
32,16,37.5098272914,44.3306810463,2140,2610,52.195203585,80.9103005269
33,17,2.71286106947,11.4478611687,160,860,67.1891995941,89.2478213563
34,17,38.2071135308,45.0264353092,2140,2610,51.7991913426,82.1731612785
35,18,3.15892727842,12.253546632,160,860,62.2988625746,86.4624159122
36,18,43.8398475689,51.1110998126,2140,2610,43.4715510255,79.4332477176
37,19,2.57424676636,11.6015022254,160,860,67.5434161499,84.1197499583
38,19,37.8256194314,44.7550259843,2140,2610,51.9100171008,78.7946383111
39,20,2.71323656024,11.6482923979,160,860,66.5890267788,86.2157656484
40,20,38.4929425512,45.3682026336,2140,2610,51.5577516547,80.2236122102
41,21,3.16266162811,11.752823375,160,800,61.6898200235,82.7751673843
42,21,44.1291685213,51.5029106499,2140,2610,43.256846447,77.4887288243
43,22,2.5420828522,11.4797780421,160,860,68.2412005048,85.1152844989
44,22,37.4645477389,44.3572987957,2140,2610,52.1426348958,79.4071978358
45,23,2.68305437855,11.540889153,160,860,67.1743629436,87.1348142743
46,23,38.165111693,45.0073824704,2140,2610,51.7813072204,80.7843230579
47,24,3.12651561091,11.7655720371,160,810,62.193295629,83.7642742024
48,24,43.7453656102,51.0594908721,2140,2610,43.6851411818,78.1156309888
49,25,2.65820934493,11.7546117339,160,860,66.7680920534,83.5346999332
50,25,38.1091870925,45.050087467,2140,2610,52.0204667456,78.4754219416
51,26,2.74391981839,11.732581687,160,860,66.0731457778,85.6801599076
52,26,38.6756088165,45.5593469542,2140,2610,51.6966091673,79.933243808
53,27,3.16781330644,11.7901989533,160,800,61.5848468201,82.3157399736
54,27,44.1825289313,51.5154053245,2140,2610,43.9044292533,77.3284755245
55,28,2.5788634675,11.4159343751,160,860,68.4678501931,85.9507879077
56,28,37.3124358395,44.1713031277,2140,2610,52.3478182178,79.9724871767
57,29,2.67777088348,11.4802129547,160,860,67.40301384,87.9254585354
58,29,38.018921837,44.8298917064,2140,2610,51.9891463356,81.3118297864
59,30,3.0687246231,12.2380719317,160,860,62.523352012,85.1110752716
60,30,43.4982400258,50.7511292222,2140,2610,44.182279497,78.7180810429
61,31,2.56831991969,11.4829876876,160,860,67.9504619628,85.6731532119
62,31,37.5173227516,44.3836994812,2140,2610,52.3186281787,79.833617538
63,32,2.70124027549,11.5331746869,160,860,67.0271997843,87.6763613043
64,32,38.1939327782,45.0108891151,2140,2610,51.9788974616,81.1864403897
65,33,3.12501462506,12.3153904359,160,860,62.3415484059,84.8941606695
66,33,43.6757033925,50.9217553453,2140,2610,44.3343873955,78.6299494153
67,34,2.56592145022,11.8096755257,160,860,66.8732197963,80.728143769
68,34,37.9834466632,45.0304441316,2140,2610,51.8264450282,76.4908978042
69,35,2.70478557364,11.8685878362,160,860,66.0044087021,82.9856664878
70,35,38.6734102358,45.6496435672,2140,2610,51.5722343369,78.0895911982
71,36,3.09362669001,11.9792044396,160,810,61.3037604859,79.7797174822
72,36,44.0123093249,51.4201054392,2140,2610,44.0804349682,75.5372218474
73,37,1.25472149935,5.90720357446,100,480,79.9445410656,84.1748677048
74,37,28.8157228454,34.5064850585,1650,2020,50.8686907215,75.8393971942
75,38,1.29797590896,6.19884906888,100,500,78.0581531272,85.4102146558
76,38,29.6678618986,35.3284793502,1650,2020,50.4296861873,76.9647278766
77,39,1.66634446537,7.54963290785,100,530,64.0030245838,79.9702110158
78,39,35.230537604,41.3462048512,1650,2020,42.5937534194,74.2921651434
79,40,1.26520010986,6.43696969138,100,520,79.2610352106,83.656428189
80,40,29.0270567834,34.739546393,1650,2020,50.6599079855,75.4647662311
81,41,1.29594151543,6.21186844649,100,500,78.062069777,84.9425206527
82,41,29.8584406348,35.5416901456,1650,2020,50.1589855167,76.608307217
83,42,1.67876331651,7.5975002307,100,530,63.5928299957,79.4319213893
84,42,35.5362103699,41.7134689611,1650,2020,41.9597910059,73.807998719
85,43,1.31073222061,6.50958660582,100,510,76.4288813766,80.5119948088
86,43,29.7812428081,35.569396425,1650,2020,50.3415081363,73.9026038518
87,44,1.40345854503,6.42780347222,100,490,72.6786497107,81.0975073565
88,44,30.6496549282,36.3961674807,1650,2020,49.9752452424,75.1870348349
89,45,1.78861359615,7.87840236071,100,530,61.494610757,77.0863111165
90,45,36.1647583342,42.3615606245,1650,2020,42.3072136699,72.573015029
91,46,1.24772392478,6.16890267237,100,510,80.7085412817,86.418234275
92,46,29.1251065372,34.7689250054,1650,2020,50.8767340768,77.0167207201
93,47,1.37204754152,6.69192365838,100,530,74.8558599683,86.2646561893
94,47,30.1732253282,35.7936666528,1650,2020,50.3997505161,78.035410893
95,48,1.75748310033,7.62085862224,100,530,62.9864302896,81.2430200411
96,48,35.7742397734,41.8581177482,1650,2020,42.4411977189,75.3210515222
97,49,1.31956871106,6.805498134,100,530,75.9035924338,80.0170833145
98,49,29.0227814655,34.8157595296,1650,2020,50.5813095975,73.61453364
99,50,1.29081618428,6.42166858702,100,510,77.778605072,82.463925671
100,50,29.7966438764,35.5467226544,1650,2020,50.2090626647,74.9208106774
101,51,1.66387517042,7.68963983461,100,530,63.4955172284,77.0774281627
102,51,35.3387615,41.5323535927,1650,2020,42.5989550441,72.3219496504
103,52,1.27140646195,6.07725359752,100,510,81.856667297,87.9027478454
104,52,29.0684363845,34.6889444286,1650,2020,50.7871820089,77.6917974726
105,53,1.36583565648,6.63518742466,100,530,75.3211767528,87.3633208883
106,53,30.1710289719,35.7730151768,1650,2020,50.2639222997,78.641791139
107,54,1.7592358347,7.62158269279,100,530,63.1154911082,82.1624735983
108,54,35.8747048296,41.9889761394,1650,2020,41.8396447679,75.7216665849
109,55,1.24974741771,5.6458893616,100,460,80.2744034548,84.4107759393
110,55,29.2381092859,34.932890778,1650,2020,50.5639226942,75.9797857332
111,56,1.34771204222,6.68169657763,100,530,75.7005190324,85.192845271
112,56,30.2141168865,35.8818384408,1650,2020,50.0693249234,77.0798809604
113,57,1.75345186923,7.67422027066,100,530,62.8506529824,79.9461596297
114,57,35.8687294882,42.0540635163,1650,2020,41.662500667,74.182954596
115,58,1.23499343954,6.27706892728,100,520,81.2686467866,85.9203516448
116,58,28.8702241383,34.5367766005,1650,2020,50.8218883158,76.4887501979
117,59,1.32845565809,6.59868684849,100,530,76.7424199843,86.206137469
118,59,29.8725239081,35.5149551498,1650,2020,50.3092203556,77.5411107545
119,60,1.68783892428,7.55230169232,100,530,63.6078000904,80.7336015277
120,60,35.4537139809,41.5854585351,1650,2020,42.1120815895,74.7360366262
121,61,1.27201046207,6.32110625485,100,510,78.9805084308,83.8943212086
122,61,29.5177312393,35.2221524737,1650,2020,50.5996984396,75.713226891
123,62,1.39756317248,6.83516595166,100,530,73.412448028,84.0990888155
124,62,30.5178418822,36.1918978675,1650,2020,50.1565245924,76.845384172
125,63,1.78040230341,7.74580115933,100,530,62.1320325318,79.439989052
126,63,36.0013594069,42.1447368432,1650,2020,42.2064168537,74.1348908067
127,64,1.22258266702,6.17073523714,100,520,82.1213926472,86.9045886681
128,64,28.7055746779,34.3482546622,1650,2020,50.9921775639,76.9534084896
129,65,1.32922779792,6.57583415076,100,530,76.8211356081,86.8324451741
130,65,29.7870153661,35.406129076,1650,2020,50.5118123758,77.9769982194
131,66,1.68368442251,7.51661865178,100,530,63.8203735549,81.3427762854
132,66,35.3876627239,41.4662537585,1650,2020,42.5847125524,75.2730964549
133,67,1.23509490569,6.14134797125,100,510,81.3601931721,86.382601009
134,67,28.9765326597,34.6261427688,1650,2020,50.9257410519,76.8320226498
135,68,1.35687731856,6.66073192216,100,530,75.4904781835,86.2234278344
136,68,30.0298049775,35.654356918,1650,2020,50.4704663601,77.8697541649
137,69,1.7446156821,7.6067396546,100,530,63.2570203506,81.0649061491
138,69,35.5493378935,41.6240088611,1650,2020,42.6553503894,75.2061316442
139,70,1.3051144493,6.6054876699,100,520,76.7667319539,80.9092532183
140,70,29.2916772814,35.064928624,1650,2020,50.5444133884,74.0994909996
141,71,1.33278757572,6.39133241046,100,500,75.8651767198,82.4199539833
142,71,30.1234760439,35.8568716902,1650,2020,50.1533100176,75.3670169402
143,72,1.69631301591,7.72304132569,100,530,62.7925174159,77.5522072638
144,72,35.6157717625,41.7984266074,1650,2020,42.4688506987,72.7461625025
145,73,0.74939770294,4.20175386088,60,340,80.1832696678,83.5414756925
146,73,18.4318120152,22.2990445075,1370,1640,63.1856876278,76.1507275704
147,74,0.730511774945,4.04901083849,60,340,82.3289908575,86.0389606825
148,74,18.6125185224,22.5549551511,1370,1640,60.1358837174,76.1208660472
149,75,0.757772647147,3.14633651038,60,250,79.3699953734,82.2059379379
150,75,22.8088667135,27.0989645683,1370,1640,52.3293897088,72.6820221079
151,76,0.75601618026,4.23891085726,60,340,79.4707223899,82.7896722828
152,76,18.5847349553,22.470940353,1370,1640,62.8764641421,75.7342312733
153,77,0.776428170953,4.12253983872,60,340,81.6561049859,85.3122157166
154,77,18.8132024803,22.7755920011,1370,1640,59.7727845212,75.7322853346
155,78,0.764192949796,3.17293944639,60,250,78.6922758626,81.4996713564
156,78,23.0202865751,27.338835745,1370,1640,51.7645209197,72.2735938311
157,79,0.78570982786,4.36192639727,60,340,76.4403689788,79.7112952102
158,79,19.3793249948,23.3984084544,1370,1640,60.1504825498,73.4779332346
159,80,0.762772624105,4.26983223395,60,340,78.7962203622,82.3020376528
160,80,19.585943783,23.6466640634,1370,1640,57.9545257646,73.9489079264
161,81,0.79518668445,3.12962655008,60,240,75.6162839536,78.354752259
162,81,24.0083136279,28.3925165075,1370,1640,51.0044979267,70.9100629959
163,82,0.730460299573,4.05017129508,60,340,82.3232286861,85.9863765554
164,82,18.3574149965,22.2630110107,1370,1640,61.2222033759,76.4779896215
165,83,0.713065833724,3.94609688542,60,340,84.4019503228,88.4329049291
166,83,18.9354377769,22.8951770959,1370,1640,58.9107152617,76.6016924407
167,84,0.777540539959,4.2720609964,60,340,77.7623887596,83.6973074621
168,84,23.6348131043,27.9231758784,1370,1640,51.5977045391,73.3885291692
169,85,0.788982245098,4.38477859,60,340,76.0951088749,79.2163517178
170,85,18.9779405811,22.8965900519,1370,1640,63.3399877291,74.2276404273
171,86,0.76621751968,4.29259818943,60,340,78.4185117755,81.7928254514
172,86,19.1423660352,23.1332716865,1370,1640,60.179783916,74.4000848411
173,87,0.796147823674,3.39400044972,60,260,75.4744796514,78.2255837299
174,87,22.8411504616,27.1885219684,1370,1640,52.2720861768,70.9592878512
175,88,0.718170017837,3.97996405926,60,340,83.7626283396,87.5519469147
176,88,18.1507194343,22.0381463142,1370,1640,61.2676600856,77.0952452961
177,89,0.702076068482,3.88262712368,60,340,85.7556729609,89.9447522601
178,89,18.8170797305,22.7623434637,1370,1640,58.9030305867,77.1308660672
179,90,0.770859624849,4.22569695065,60,340,78.5058073665,84.8302969748
180,90,23.6547211341,27.9435894117,1370,1640,51.1351660246,73.7893497133
181,91,0.747603509739,4.18910251112,60,340,80.3940120568,83.8471151778
182,91,18.6349551982,22.5534001579,1370,1640,61.5422914857,75.7360623189
183,92,0.728609214658,4.03628606821,60,340,82.5597619504,86.3552025961
184,92,18.8038936204,22.7850775851,1370,1640,58.8967279137,75.8473090043
185,93,0.767361885478,4.02402994417,60,320,78.5033671411,82.7014615204
186,93,23.5588928847,27.8885593157,1370,1640,51.0966244491,72.5098742823
187,94,0.777869946351,4.13512605704,60,340,81.4685886459,84.9577982821
188,94,18.3389963261,22.2148169546,1370,1640,62.4557897562,76.4737230901
189,95,0.720103448676,3.98843459165,60,340,83.5516368394,87.4135170804
190,95,18.5562561624,22.5012385506,1370,1640,59.6529176752,76.4630758962
191,96,0.750016494692,3.94586445962,60,320,80.2555170646,84.1238669584
192,96,23.0532909572,27.3459960528,1370,1640,51.8213935208,73.0510333143
193,97,0.753535190714,4.22087788374,60,340,79.7591011959,83.2295604074
194,97,18.900094365,22.8635781286,1370,1640,60.436718877,75.1151673852
195,98,0.733674250399,4.06419037816,60,340,81.9831955255,85.7636094254
196,98,19.3915270368,23.4009084837,1370,1640,58.2678410607,75.4218179367
197,99,0.792849985832,4.36909034146,60,340,76.168398776,81.5431282524
198,99,23.9863579293,28.3222613675,1370,1640,51.1100521971,72.3028861498
199,100,0.730356328095,4.05192923702,60,340,82.3235626713,85.8996713247
200,100,18.1720050358,22.0368030844,1370,1640,62.4704490768,76.8610316992
201,101,0.713296272912,3.9490359931,60,340,84.3663784835,88.3287844629
202,101,18.508494113,22.4407711368,1370,1640,59.7501426606,76.8333937644
203,102,0.749249316465,4.16680532718,60,340,80.4142612897,84.9089695475
204,102,22.9959555128,27.2665025382,1370,1640,52.1484444579,73.4735922666
205,103,0.733235792449,4.06684415766,60,340,82.0010876067,85.6063345081
206,103,18.331555332,22.2258681441,1370,1640,61.6871424904,76.4777738816
207,104,0.715692725685,3.96181052871,60,340,84.0822446794,88.0547788556
208,104,18.7938265265,22.746632142,1370,1640,59.2300042696,76.5633856125
209,105,0.768764225574,4.2449580097,60,340,78.5302805001,83.8591633609
210,105,23.338067469,27.6208405996,1370,1640,51.8823225402,73.3162841712
211,106,0.781033026487,4.33858228288,60,340,76.8909391303,80.0980091146
212,106,19.0190120914,22.9678991425,1370,1640,62.0645582245,74.2447899321
213,107,0.758818250062,4.24946786788,60,340,79.2041468175,82.6732077286
214,107,19.2540676788,23.2639305535,1370,1640,59.2987894055,74.5063344604
215,108,0.787786670357,3.2311842074,60,250,76.2916197866,78.983962443
216,108,23.2183867564,27.5696506117,1370,1640,51.8041481951,71.2321053438
217,109,1.25426520665,6.26181673047,100,510,79.9694563975,84.3737474397
218,109,28.165918888,33.8359124226,1650,2020,51.3839928271,75.9359120506
219,110,1.25472149935,5.90720357446,100,480,79.9445410656,84.1748677048
220,110,28.8157228454,34.5064850585,1650,2020,50.8686907215,75.8393971942
221,111,1.25521408818,6.26468616698,100,510,79.9176743534,84.3558229194
222,111,29.4331428565,35.1467726771,1650,2020,50.3010810424,75.7351488527
223,113,1.25472149935,5.90720357446,100,480,79.9445410656,84.1748677048
224,113,28.8157228454,34.5064850585,1650,2020,50.8686907215,75.8393971942
225,115,1.26520010986,6.43696969138,100,520,79.2610352106,83.656428189
226,115,29.0270567834,34.739546393,1650,2020,50.6599079855,75.4647662311
227,117,1.31073222061,6.50958660582,100,510,76.4288813766,80.5119948088
228,117,29.7812428081,35.569396425,1650,2020,50.3415081363,73.9026038518
229,118,1.25472149935,5.90720357446,100,480,79.9445410656,84.1748677048
230,118,28.8157228454,34.5064850585,1650,2020,50.8686907215,75.8393971942
231,119,1.25472149935,5.90720357446,100,480,79.9445410656,84.1748677048
232,119,28.8157228454,34.5064850585,1650,2020,50.8686907215,75.8393971942
233,120,1.25472149935,5.90720357446,100,480,79.9445410656,84.1748677048
234,120,28.8157228454,34.5064850585,1650,2020,50.8686907215,75.8393971942
235,121,1.26135040134,6.29186533024,100,510,79.5626972672,84.0464785262
236,121,29.2481291056,35.0160237993,1650,2020,50.1305796627,74.9922009102
237,122,1.30595189629,6.42612470418,100,510,77.2329109105,83.2199802947
238,122,30.1911067078,35.9879245143,1650,2020,49.4165113614,74.8721782297
239,123,1.36003577256,6.33828729925,100,490,74.6479944203,82.1292873663
240,123,31.016778232,36.8377990626,1650,2020,48.8130101072,74.7764822973
241,124,1.3925475285,6.91486464301,100,530,73.2102261182,82.1081679678
242,124,31.5035856326,37.3417523183,1650,2020,48.3763075292,74.7137373967
243,125,1.41610804424,6.97874711288,100,530,72.2192267135,81.8145352032
244,125,31.8357854576,37.6849815371,1650,2020,48.0846736041,74.6783879662
245,126,1.47613263269,7.07180133414,100,530,71.4090062954,81.5812101044
246,126,32.1451397133,38.0055519615,1650,2020,47.7877633268,74.642887478
247,127,1.49486266204,7.08043776525,100,530,70.6766904722,81.3753201442
248,127,32.3899392421,38.2607877441,1650,2020,47.508730759,74.6112901355
249,128,1.5130510667,7.12678617875,100,530,69.9882687908,81.1859810233
250,128,32.5480657956,38.429280185,1650,2020,47.2305875444,74.5805581472
251,129,1.53110437453,7.17196067932,100,530,69.3262875598,81.0076634679
252,129,32.7851717503,38.6770148715,1650,2020,46.945300806,74.5493201822
253,130,1.5491994421,7.21643402806,100,530,68.6833601733,80.8379605683
254,130,33.0247361577,38.9287906434,1650,2020,46.6209652851,74.5122906676
255,131,2.54805116368,11.2922004009,160,860,69.1844949745,87.0272227625
256,131,37.0918875537,43.9192057025,2140,2610,52.4096096691,80.612889931
257,132,1.20056614951,6.04218074295,100,520,83.7374673505,89.0155984649
258,132,28.5011478738,34.104632925,1650,2020,51.1016150082,77.8855119718
259,133,0.688987409047,3.8106943062,60,340,87.3960199696,91.6442601154
260,133,17.5998157496,21.4364890657,1370,1640,61.6436472353,78.6600454427
