simulation_sector_id,run_id,sector_id,sector_time_s,circuit_id,setup_id,weather_id,tyre_id,session_id,car_id,date_id,comparison_group
1,1,11,18.6269369435,1,1,1,2,1,1,20260917,setup_sweep
2,1,12,16.2702837801,1,1,1,2,1,1,20260917,setup_sweep
3,1,13,14.7003019171,1,1,1,2,1,1,20260917,setup_sweep
4,2,11,18.9689250916,1,1,2,2,1,1,20260917,setup_sweep
5,2,12,16.4922427376,1,1,2,2,1,1,20260917,setup_sweep
6,2,13,15.0483316761,1,1,2,2,1,1,20260917,setup_sweep
7,3,11,21.4236832329,1,1,3,2,3,1,20260917,setup_sweep
8,3,12,19.0195595042,1,1,3,2,3,1,20260917,setup_sweep
9,3,13,17.4647632236,1,1,3,2,3,1,20260917,setup_sweep
10,4,11,18.7543814725,1,2,1,2,1,1,20260917,setup_sweep
11,4,12,16.3634824167,1,2,1,2,1,1,20260917,setup_sweep
12,4,13,14.7706354092,1,2,1,2,1,1,20260917,setup_sweep
13,5,11,19.1384622586,1,2,2,2,1,1,20260917,setup_sweep
14,5,12,16.6217188647,1,2,2,2,1,1,20260917,setup_sweep
15,5,13,15.1321792886,1,2,2,2,1,1,20260917,setup_sweep
16,6,11,21.5924337406,1,2,3,2,3,1,20260917,setup_sweep
17,6,12,19.1528478177,1,2,3,2,3,1,20260917,setup_sweep
18,6,13,17.6180673086,1,2,3,2,3,1,20260917,setup_sweep
19,7,11,19.3285182286,1,3,1,2,1,1,20260917,setup_sweep
20,7,12,16.6197637687,1,3,1,2,1,1,20260917,setup_sweep
21,7,13,15.1765519483,1,3,1,2,1,1,20260917,setup_sweep
22,8,11,19.6436250399,1,3,2,2,1,1,20260917,setup_sweep
23,8,12,16.836075017,1,3,2,2,1,1,20260917,setup_sweep
24,8,13,15.4348308265,1,3,2,2,1,1,20260917,setup_sweep
25,9,11,21.983442815,1,3,3,2,3,1,20260917,setup_sweep
26,9,12,19.2960186001,1,3,3,2,3,1,20260917,setup_sweep
27,9,13,17.8673277509,1,3,3,2,3,1,20260917,setup_sweep
28,10,11,18.7270683663,1,4,1,2,1,1,20260917,setup_sweep
29,10,12,16.325533547,1,4,1,2,1,1,20260917,setup_sweep
30,10,13,14.8284120239,1,4,1,2,1,1,20260917,setup_sweep
31,11,11,19.0866621827,1,4,2,2,1,1,20260917,setup_sweep
32,11,12,16.5817928439,1,4,2,2,1,1,20260917,setup_sweep
33,11,13,15.2486192386,1,4,2,2,1,1,20260917,setup_sweep
34,12,11,21.5176506028,1,4,3,2,3,1,20260917,setup_sweep
35,12,12,19.0863755926,1,4,3,2,3,1,20260917,setup_sweep
36,12,13,17.6423031234,1,4,3,2,3,1,20260917,setup_sweep
37,13,11,18.8816184773,1,5,1,2,1,1,20260917,setup_sweep
38,13,12,16.4156929192,1,5,1,2,1,1,20260917,setup_sweep
39,13,13,14.8316411819,1,5,1,2,1,1,20260917,setup_sweep
40,14,11,19.262187904,1,5,2,2,1,1,20260917,setup_sweep
41,14,12,16.617176182,1,5,2,2,1,1,20260917,setup_sweep
42,14,13,15.155359482,1,5,2,2,1,1,20260917,setup_sweep
43,15,11,21.6324945832,1,5,3,2,3,1,20260917,setup_sweep
44,15,12,19.0890232933,1,5,3,2,3,1,20260917,setup_sweep
45,15,13,17.5305759216,1,5,3,2,3,1,20260917,setup_sweep
46,16,11,18.6386630506,1,6,1,2,1,1,20260917,setup_sweep
47,16,12,16.3093508685,1,6,1,2,1,1,20260917,setup_sweep
48,16,13,14.8932938175,1,6,1,2,1,1,20260917,setup_sweep
49,17,11,19.0177511208,1,6,2,2,1,1,20260917,setup_sweep
50,17,12,16.5728131995,1,6,2,2,1,1,20260917,setup_sweep
51,17,13,15.250398367,1,6,2,2,1,1,20260917,setup_sweep
52,18,11,21.4912469873,1,6,3,2,3,1,20260917,setup_sweep
53,18,12,19.149057802,1,6,3,2,3,1,20260917,setup_sweep
54,18,13,17.7235237176,1,6,3,2,3,1,20260917,setup_sweep
55,19,11,18.85664389,1,7,1,2,1,1,20260917,setup_sweep
56,19,12,16.40615685,1,7,1,2,1,1,20260917,setup_sweep
57,19,13,14.8799503829,1,7,1,2,1,1,20260917,setup_sweep
58,20,11,19.2155916498,1,7,2,2,1,1,20260917,setup_sweep
59,20,12,16.6597528899,1,7,2,2,1,1,20260917,setup_sweep
60,20,13,15.2304073393,1,7,2,2,1,1,20260917,setup_sweep
61,21,11,21.705461915,1,7,3,2,3,1,20260917,setup_sweep
62,21,12,19.2201060112,1,7,3,2,3,1,20260917,setup_sweep
63,21,13,17.7816716766,1,7,3,2,3,1,20260917,setup_sweep
64,22,11,18.6301255972,1,8,1,2,1,1,20260917,setup_sweep
65,22,12,16.2872261494,1,8,1,2,1,1,20260917,setup_sweep
66,22,13,14.7482024577,1,8,1,2,1,1,20260917,setup_sweep
67,23,11,19.0107159902,1,8,2,2,1,1,20260917,setup_sweep
68,23,12,16.5517371099,1,8,2,2,1,1,20260917,setup_sweep
69,23,13,15.1785817086,1,8,2,2,1,1,20260917,setup_sweep
70,24,11,21.4811227707,1,8,3,2,3,1,20260917,setup_sweep
71,24,12,19.0800871505,1,8,3,2,3,1,20260917,setup_sweep
72,24,13,17.6070732312,1,8,3,2,3,1,20260917,setup_sweep
73,25,11,19.0850457122,1,9,1,2,1,1,20260917,setup_sweep
74,25,12,16.4725682653,1,9,1,2,1,1,20260917,setup_sweep
75,25,13,15.0349501142,1,9,1,2,1,1,20260917,setup_sweep
76,26,11,19.3620294307,1,9,2,2,1,1,20260917,setup_sweep
77,26,12,16.7088639587,1,9,2,2,1,1,20260917,setup_sweep
78,26,13,15.3171793017,1,9,2,2,1,1,20260917,setup_sweep
79,27,11,21.7965158182,1,9,3,2,3,1,20260917,setup_sweep
80,27,12,19.208638529,1,9,3,2,3,1,20260917,setup_sweep
81,27,13,17.7897271406,1,9,3,2,3,1,20260917,setup_sweep
82,28,11,18.5473503761,1,10,1,2,1,1,20260917,setup_sweep
83,28,12,16.2310680019,1,10,1,2,1,1,20260917,setup_sweep
84,28,13,14.6989278121,1,10,1,2,1,1,20260917,setup_sweep
85,29,11,18.9315456138,1,10,2,2,1,1,20260917,setup_sweep
86,29,12,16.4989984008,1,10,2,2,1,1,20260917,setup_sweep
87,29,13,15.1271442687,1,10,2,2,1,1,20260917,setup_sweep
88,30,11,21.3304526655,1,10,3,2,3,1,20260917,setup_sweep
89,30,12,19.006234976,1,10,3,2,3,1,20260917,setup_sweep
90,30,13,17.4728649449,1,10,3,2,3,1,20260917,setup_sweep
91,31,11,18.6807770791,1,11,1,2,1,1,20260917,setup_sweep
92,31,12,16.2995751816,1,11,1,2,1,1,20260917,setup_sweep
93,31,13,14.7860273914,1,11,1,2,1,1,20260917,setup_sweep
94,32,11,19.0450585589,1,11,2,2,1,1,20260917,setup_sweep
95,32,12,16.5586179658,1,11,2,2,1,1,20260917,setup_sweep
96,32,13,15.204881851,1,11,2,2,1,1,20260917,setup_sweep
97,33,11,21.472575763,1,11,3,2,3,1,20260917,setup_sweep
98,33,12,19.0451645813,1,11,3,2,3,1,20260917,setup_sweep
99,33,13,17.5760362402,1,11,3,2,3,1,20260917,setup_sweep
100,34,11,18.977966951,1,12,1,2,1,1,20260917,setup_sweep
101,34,12,16.4657482083,1,12,1,2,1,1,20260917,setup_sweep
102,34,13,14.9207149264,1,12,1,2,1,1,20260917,setup_sweep
103,35,11,19.3800604003,1,12,2,2,1,1,20260917,setup_sweep
104,35,12,16.701324342,1,12,2,2,1,1,20260917,setup_sweep
105,35,13,15.239121048,1,12,2,2,1,1,20260917,setup_sweep
106,36,11,21.6980803664,1,12,3,2,3,1,20260917,setup_sweep
107,36,12,19.1520749179,1,12,3,2,3,1,20260917,setup_sweep
108,36,13,17.6288687913,1,12,3,2,3,1,20260917,setup_sweep
109,37,21,12.3036614816,2,1,1,2,1,1,20260917,setup_sweep
110,37,22,14.5444354998,2,1,1,2,1,1,20260917,setup_sweep
111,37,23,12.0212299167,2,1,1,2,1,1,20260917,setup_sweep
112,38,21,12.7222878694,2,1,2,2,1,1,20260917,setup_sweep
113,38,22,14.9305545243,2,1,2,2,1,1,20260917,setup_sweep
114,38,23,12.1012068158,2,1,2,2,1,1,20260917,setup_sweep
115,39,21,15.318640552,2,1,3,2,3,1,20260917,setup_sweep
116,39,22,17.4916891964,2,1,3,2,3,1,20260917,setup_sweep
117,39,23,14.3264422091,2,1,3,2,3,1,20260917,setup_sweep
118,40,21,12.402480529,2,2,1,2,1,1,20260917,setup_sweep
119,40,22,14.6432393001,2,2,1,2,1,1,20260917,setup_sweep
120,40,23,12.0858490308,2,2,1,2,1,1,20260917,setup_sweep
121,41,21,12.7940541974,2,2,2,2,1,1,20260917,setup_sweep
122,41,22,15.0325138602,2,2,2,2,1,1,20260917,setup_sweep
123,41,23,12.1362052765,2,2,2,2,1,1,20260917,setup_sweep
124,42,21,15.4483516376,2,2,3,2,3,1,20260917,setup_sweep
125,42,22,17.6397228362,2,2,3,2,3,1,20260917,setup_sweep
126,42,23,14.4658797163,2,2,3,2,3,1,20260917,setup_sweep
127,43,21,12.8379757097,2,3,1,2,1,1,20260917,setup_sweep
128,43,22,14.951155437,2,3,1,2,1,1,20260917,setup_sweep
129,43,23,12.2994080156,2,3,1,2,1,1,20260917,setup_sweep
130,44,21,13.3383552858,2,3,2,2,1,1,20260917,setup_sweep
131,44,22,15.2746022384,2,3,2,2,1,1,20260917,setup_sweep
132,44,23,12.5408019731,2,3,2,2,1,1,20260917,setup_sweep
133,45,21,15.9141400497,2,3,3,2,3,1,20260917,setup_sweep
134,45,22,17.8078738827,2,3,3,2,3,1,20260917,setup_sweep
135,45,23,14.8088999893,2,3,3,2,3,1,20260917,setup_sweep
136,46,21,12.4197059544,2,4,1,2,1,1,20260917,setup_sweep
137,46,22,14.7230044455,2,4,1,2,1,1,20260917,setup_sweep
138,46,23,11.9178014247,2,4,1,2,1,1,20260917,setup_sweep
139,47,21,13.0666738377,2,4,2,2,1,1,20260917,setup_sweep
140,47,22,15.0773164432,2,4,2,2,1,1,20260917,setup_sweep
141,47,23,12.3076013245,2,4,2,2,1,1,20260917,setup_sweep
142,48,21,15.6883153701,2,4,3,2,3,1,20260917,setup_sweep
143,48,22,17.6500527353,2,4,3,2,3,1,20260917,setup_sweep
144,48,23,14.6063347901,2,4,3,2,3,1,20260917,setup_sweep
145,49,21,12.4993133643,2,5,1,2,1,1,20260917,setup_sweep
146,49,22,14.5583319684,2,5,1,2,1,1,20260917,setup_sweep
147,49,23,12.3019014642,2,5,1,2,1,1,20260917,setup_sweep
148,50,21,12.8023447408,2,5,2,2,1,1,20260917,setup_sweep
149,50,22,14.9821602647,2,5,2,2,1,1,20260917,setup_sweep
150,50,23,12.2005186727,2,5,2,2,1,1,20260917,setup_sweep
151,51,21,15.4029829598,2,5,3,2,3,1,20260917,setup_sweep
152,51,22,17.5194230182,2,5,3,2,3,1,20260917,setup_sweep
153,51,23,14.3558206193,2,5,3,2,3,1,20260917,setup_sweep
154,52,21,12.3377498744,2,6,1,2,1,1,20260917,setup_sweep
155,52,22,14.7357164819,2,6,1,2,1,1,20260917,setup_sweep
156,52,23,11.9367657824,2,6,1,2,1,1,20260917,setup_sweep
157,53,21,13.0327955648,2,6,2,2,1,1,20260917,setup_sweep
158,53,22,15.0946649929,2,6,2,2,1,1,20260917,setup_sweep
159,53,23,12.2846446021,2,6,2,2,1,1,20260917,setup_sweep
160,54,21,15.6899826835,2,6,3,2,3,1,20260917,setup_sweep
161,54,22,17.7233302752,2,6,3,2,3,1,20260917,setup_sweep
162,54,23,14.6810924656,2,6,3,2,3,1,20260917,setup_sweep
163,55,21,12.4751924965,2,7,1,2,1,1,20260917,setup_sweep
164,55,22,14.7681701017,2,7,1,2,1,1,20260917,setup_sweep
165,55,23,12.039375032,2,7,1,2,1,1,20260917,setup_sweep
166,56,21,13.041355735,2,7,2,2,1,1,20260917,setup_sweep
167,56,22,15.1289172892,2,7,2,2,1,1,20260917,setup_sweep
168,56,23,12.2920854301,2,7,2,2,1,1,20260917,setup_sweep
169,57,21,15.6571690819,2,7,3,2,3,1,20260917,setup_sweep
170,57,22,17.7477535286,2,7,3,2,3,1,20260917,setup_sweep
171,57,23,14.6949586423,2,7,3,2,3,1,20260917,setup_sweep
172,58,21,12.2735924227,2,8,1,2,1,1,20260917,setup_sweep
173,58,22,14.6171450785,2,8,1,2,1,1,20260917,setup_sweep
174,58,23,11.9556420235,2,8,1,2,1,1,20260917,setup_sweep
175,59,21,12.849577772,2,8,2,2,1,1,20260917,setup_sweep
176,59,22,14.9936939902,2,8,2,2,1,1,20260917,setup_sweep
177,59,23,12.1904343132,2,8,2,2,1,1,20260917,setup_sweep
178,60,21,15.4137306582,2,8,3,2,3,1,20260917,setup_sweep
179,60,22,17.5959363822,2,8,3,2,3,1,20260917,setup_sweep
180,60,23,14.4702282116,2,8,3,2,3,1,20260917,setup_sweep
181,61,21,12.6640897266,2,9,1,2,1,1,20260917,setup_sweep
182,61,22,14.8622861836,2,9,1,2,1,1,20260917,setup_sweep
183,61,23,12.0753693768,2,9,1,2,1,1,20260917,setup_sweep
184,62,21,13.2835929382,2,9,2,2,1,1,20260917,setup_sweep
185,62,22,15.1966714344,2,9,2,2,1,1,20260917,setup_sweep
186,62,23,12.4522587759,2,9,2,2,1,1,20260917,setup_sweep
187,63,21,15.7960859054,2,9,3,2,3,1,20260917,setup_sweep
188,63,22,17.7591231244,2,9,3,2,3,1,20260917,setup_sweep
189,63,23,14.7594923113,2,9,3,2,3,1,20260917,setup_sweep
190,64,21,12.1600691568,2,10,1,2,1,1,20260917,setup_sweep
191,64,22,14.5744073053,2,10,1,2,1,1,20260917,setup_sweep
192,64,23,11.9286595162,2,10,1,2,1,1,20260917,setup_sweep
193,65,21,12.8186952237,2,10,2,2,1,1,20260917,setup_sweep
194,65,22,14.9497241954,2,10,2,2,1,1,20260917,setup_sweep
195,65,23,12.1583349963,2,10,2,2,1,1,20260917,setup_sweep
196,66,21,15.4439882014,2,10,3,2,3,1,20260917,setup_sweep
197,66,22,17.5195355059,2,10,3,2,3,1,20260917,setup_sweep
198,66,23,14.3892059268,2,10,3,2,3,1,20260917,setup_sweep
199,67,21,12.3317842738,2,11,1,2,1,1,20260917,setup_sweep
200,67,22,14.6686253936,2,11,1,2,1,1,20260917,setup_sweep
201,67,23,11.9130460766,2,11,1,2,1,1,20260917,setup_sweep
202,68,21,12.9787449667,2,11,2,2,1,1,20260917,setup_sweep
203,68,22,15.0286961227,2,11,2,2,1,1,20260917,setup_sweep
204,68,23,12.2553330094,2,11,2,2,1,1,20260917,setup_sweep
205,69,21,15.5308556421,2,11,3,2,3,1,20260917,setup_sweep
206,69,22,17.5920251494,2,11,3,2,3,1,20260917,setup_sweep
207,69,23,14.5222593849,2,11,3,2,3,1,20260917,setup_sweep
208,70,21,12.594893832,2,12,1,2,1,1,20260917,setup_sweep
209,70,22,14.7210517088,2,12,1,2,1,1,20260917,setup_sweep
210,70,23,12.2522257844,2,12,1,2,1,1,20260917,setup_sweep
211,71,21,13.0181636077,2,12,2,2,1,1,20260917,setup_sweep
212,71,22,15.0831331437,2,12,2,2,1,1,20260917,setup_sweep
213,71,23,12.2915074953,2,12,2,2,1,1,20260917,setup_sweep
214,72,21,15.5661243621,2,12,3,2,3,1,20260917,setup_sweep
215,72,22,17.6221630618,2,12,3,2,3,1,20260917,setup_sweep
216,72,23,14.5035240313,2,12,3,2,3,1,20260917,setup_sweep
217,73,31,8.79452640141,3,1,1,2,1,1,20260917,setup_sweep
218,73,32,8.65119729178,3,1,1,2,1,1,20260917,setup_sweep
219,73,33,10.2086791137,3,1,1,2,1,1,20260917,setup_sweep
220,74,31,8.49072707456,3,1,2,2,1,1,20260917,setup_sweep
221,74,32,9.02832707346,3,1,2,2,1,1,20260917,setup_sweep
222,74,33,10.354800068,3,1,2,2,1,1,20260917,setup_sweep
223,75,31,10.148503363,3,1,3,2,3,1,20260917,setup_sweep
224,75,32,11.3867913152,3,1,3,2,3,1,20260917,setup_sweep
225,75,33,11.0550721165,3,1,3,2,3,1,20260917,setup_sweep
226,76,31,8.87787293758,3,2,1,2,1,1,20260917,setup_sweep
227,76,32,8.71577185049,3,2,1,2,1,1,20260917,setup_sweep
228,76,33,10.2717798807,3,2,1,2,1,1,20260917,setup_sweep
229,77,31,8.60647858317,3,2,2,2,1,1,20260917,setup_sweep
230,77,32,9.10591478812,3,2,2,2,1,1,20260917,setup_sweep
231,77,33,10.3772172247,3,2,2,2,1,1,20260917,setup_sweep
232,78,31,10.2351928348,3,2,3,2,3,1,20260917,setup_sweep
233,78,32,11.4950160054,3,2,3,2,3,1,20260917,setup_sweep
234,78,33,11.1388116659,3,2,3,2,3,1,20260917,setup_sweep
235,79,31,9.19690093078,3,3,1,2,1,1,20260917,setup_sweep
236,79,32,9.13952340265,3,3,1,2,1,1,20260917,setup_sweep
237,79,33,10.6465243312,3,3,1,2,1,1,20260917,setup_sweep
238,80,31,8.98691756078,3,3,2,2,1,1,20260917,setup_sweep
239,80,32,9.45904206157,3,3,2,2,1,1,20260917,setup_sweep
240,80,33,10.6752326379,3,3,2,2,1,1,20260917,setup_sweep
241,81,31,10.7245337179,3,3,3,2,3,1,20260917,setup_sweep
242,81,32,11.9287007544,3,3,3,2,3,1,20260917,setup_sweep
243,81,33,11.4273042972,3,3,3,2,3,1,20260917,setup_sweep
244,82,31,8.49671809982,3,4,1,2,1,1,20260917,setup_sweep
245,82,32,8.83124380108,3,4,1,2,1,1,20260917,setup_sweep
246,82,33,10.243523992,3,4,1,2,1,1,20260917,setup_sweep
247,83,31,8.48769478329,3,4,2,2,1,1,20260917,setup_sweep
248,83,32,9.3219853392,3,4,2,2,1,1,20260917,setup_sweep
249,83,33,10.3199023237,3,4,2,2,1,1,20260917,setup_sweep
250,84,31,10.525770758,3,4,3,2,3,1,20260917,setup_sweep
251,84,32,11.7654070557,3,4,3,2,3,1,20260917,setup_sweep
252,84,33,11.1221109762,3,4,3,2,3,1,20260917,setup_sweep
253,85,31,9.25445927714,3,5,1,2,1,1,20260917,setup_sweep
254,85,32,8.74706837867,3,5,1,2,1,1,20260917,setup_sweep
255,85,33,10.4712558374,3,5,1,2,1,1,20260917,setup_sweep
256,86,31,9.03108278401,3,5,2,2,1,1,20260917,setup_sweep
257,86,32,9.06545980237,3,5,2,2,1,1,20260917,setup_sweep
258,86,33,10.5124667621,3,5,2,2,1,1,20260917,setup_sweep
259,87,31,10.2317632548,3,5,3,2,3,1,20260917,setup_sweep
260,87,32,11.3422733927,3,5,3,2,3,1,20260917,setup_sweep
261,87,33,11.319520153,3,5,3,2,3,1,20260917,setup_sweep
262,88,31,8.33752500902,3,6,1,2,1,1,20260917,setup_sweep
263,88,32,8.78250568179,3,6,1,2,1,1,20260917,setup_sweep
264,88,33,10.1591940984,3,6,1,2,1,1,20260917,setup_sweep
265,89,31,8.37738969089,3,6,2,2,1,1,20260917,setup_sweep
266,89,32,9.3115916197,3,6,2,2,1,1,20260917,setup_sweep
267,89,33,10.2485368634,3,6,2,2,1,1,20260917,setup_sweep
268,90,31,10.4954929725,3,6,3,2,3,1,20260917,setup_sweep
269,90,32,11.8021527945,3,6,3,2,3,1,20260917,setup_sweep
270,90,33,11.0999415112,3,6,3,2,3,1,20260917,setup_sweep
271,91,31,8.76220365817,3,7,1,2,1,1,20260917,setup_sweep
272,91,32,8.85305367089,3,7,1,2,1,1,20260917,setup_sweep
273,91,33,10.2978540025,3,7,1,2,1,1,20260917,setup_sweep
274,92,31,8.45903545549,3,7,2,2,1,1,20260917,setup_sweep
275,92,32,9.22165839741,3,7,2,2,1,1,20260917,setup_sweep
276,92,33,10.4231433178,3,7,2,2,1,1,20260917,setup_sweep
277,93,31,10.449014079,3,7,3,2,3,1,20260917,setup_sweep
278,93,32,11.7569738657,3,7,3,2,3,1,20260917,setup_sweep
279,93,33,11.19271183,3,7,3,2,3,1,20260917,setup_sweep
280,94,31,8.64165310645,3,8,1,2,1,1,20260917,setup_sweep
281,94,32,8.69493117376,3,8,1,2,1,1,20260917,setup_sweep
282,94,33,10.1772036389,3,8,1,2,1,1,20260917,setup_sweep
283,95,31,8.36667531396,3,8,2,2,1,1,20260917,setup_sweep
284,95,32,9.08306532992,3,8,2,2,1,1,20260917,setup_sweep
285,95,33,10.3184651994,3,8,2,2,1,1,20260917,setup_sweep
286,96,31,10.2310855666,3,8,3,2,3,1,20260917,setup_sweep
287,96,32,11.5305695035,3,8,3,2,3,1,20260917,setup_sweep
288,96,33,11.0207457031,3,8,3,2,3,1,20260917,setup_sweep
289,97,31,8.83088292001,3,9,1,2,1,1,20260917,setup_sweep
290,97,32,9.02666149388,3,9,1,2,1,1,20260917,setup_sweep
291,97,33,10.4081468614,3,9,1,2,1,1,20260917,setup_sweep
292,98,31,8.7476566995,3,9,2,2,1,1,20260917,setup_sweep
293,98,32,9.50600423795,3,9,2,2,1,1,20260917,setup_sweep
294,98,33,10.4989006044,3,9,2,2,1,1,20260917,setup_sweep
295,99,31,10.7281008984,3,9,3,2,3,1,20260917,setup_sweep
296,99,32,11.9020164852,3,9,3,2,3,1,20260917,setup_sweep
297,99,33,11.2857989842,3,9,3,2,3,1,20260917,setup_sweep
298,100,31,8.50388304507,3,10,1,2,1,1,20260917,setup_sweep
299,100,32,8.66472746016,3,10,1,2,1,1,20260917,setup_sweep
300,100,33,10.1655376991,3,10,1,2,1,1,20260917,setup_sweep
301,101,31,8.32556660309,3,10,2,2,1,1,20260917,setup_sweep
302,101,32,9.0774226324,3,10,2,2,1,1,20260917,setup_sweep
303,101,33,10.266742683,3,10,2,2,1,1,20260917,setup_sweep
304,102,31,10.2099536738,3,10,3,2,3,1,20260917,setup_sweep
305,102,32,11.5023675743,3,10,3,2,3,1,20260917,setup_sweep
306,102,33,10.9523096096,3,10,3,2,3,1,20260917,setup_sweep
307,103,31,8.53548173627,3,11,1,2,1,1,20260917,setup_sweep
308,103,32,8.77704220646,3,11,1,2,1,1,20260917,setup_sweep
309,103,33,10.2332412696,3,11,1,2,1,1,20260917,setup_sweep
310,104,31,8.44763959565,3,11,2,2,1,1,20260917,setup_sweep
311,104,32,9.22876065216,3,11,2,2,1,1,20260917,setup_sweep
312,104,33,10.3164516283,3,11,2,2,1,1,20260917,setup_sweep
313,105,31,10.4116657209,3,11,3,2,3,1,20260917,setup_sweep
314,105,32,11.6329658699,3,11,3,2,3,1,20260917,setup_sweep
315,105,33,11.0325379058,3,11,3,2,3,1,20260917,setup_sweep
316,106,31,9.14865786628,3,12,1,2,1,1,20260917,setup_sweep
317,106,32,8.86744265497,3,12,1,2,1,1,20260917,setup_sweep
318,106,33,10.4939859881,3,12,1,2,1,1,20260917,setup_sweep
319,107,31,8.93209299453,3,12,2,2,1,1,20260917,setup_sweep
320,107,32,9.21436133081,3,12,2,2,1,1,20260917,setup_sweep
321,107,33,10.5592960258,3,12,2,2,1,1,20260917,setup_sweep
322,108,31,10.3774792716,3,12,3,2,3,1,20260917,setup_sweep
323,108,32,11.5548099688,3,12,3,2,3,1,20260917,setup_sweep
324,108,33,11.2984391535,3,12,3,2,3,1,20260917,setup_sweep
325,109,21,12.0485610033,2,1,1,1,1,1,20260917,tyre_comparison
326,109,22,14.1886114813,2,1,1,1,1,1,20260917,tyre_comparison
327,109,23,11.9582513854,2,1,1,1,1,1,20260917,tyre_comparison
328,110,21,12.3036614816,2,1,1,2,1,1,20260917,tyre_comparison
329,110,22,14.5444354998,2,1,1,2,1,1,20260917,tyre_comparison
330,110,23,12.0212299167,2,1,1,2,1,1,20260917,tyre_comparison
331,111,21,12.5277990213,2,1,1,3,1,1,20260917,tyre_comparison
332,111,22,14.8927109907,2,1,1,3,1,1,20260917,tyre_comparison
333,111,23,12.0927054895,2,1,1,3,1,1,20260917,tyre_comparison
334,112,21,12.41077448,2,1,1,2,1,1,20260917,drs_pair
335,112,22,14.5480824166,2,1,1,2,1,1,20260917,drs_pair
336,112,23,12.193660967,2,1,1,2,1,1,20260917,drs_pair
337,113,21,12.3036614816,2,1,1,2,1,1,20260917,drs_pair
338,113,22,14.5444354998,2,1,1,2,1,1,20260917,drs_pair
339,113,23,12.0212299167,2,1,1,2,1,1,20260917,drs_pair
340,114,21,12.5210123957,2,2,1,2,1,1,20260917,drs_pair
341,114,22,14.6469073422,2,2,1,2,1,1,20260917,drs_pair
342,114,23,12.2626132995,2,2,1,2,1,1,20260917,drs_pair
343,115,21,12.402480529,2,2,1,2,1,1,20260917,drs_pair
344,115,22,14.6432393001,2,2,1,2,1,1,20260917,drs_pair
345,115,23,12.0858490308,2,2,1,2,1,1,20260917,drs_pair
346,116,21,13.0584595661,2,3,1,2,1,1,20260917,drs_pair
347,116,22,14.9548373941,2,3,1,2,1,1,20260917,drs_pair
348,116,23,12.498628342,2,3,1,2,1,1,20260917,drs_pair
349,117,21,12.8379757097,2,3,1,2,1,1,20260917,drs_pair
350,117,22,14.951155437,2,3,1,2,1,1,20260917,drs_pair
351,117,23,12.2994080156,2,3,1,2,1,1,20260917,drs_pair
352,118,21,12.3036614816,2,1,1,2,1,1,20260917,repeatability
353,118,22,14.5444354998,2,1,1,2,1,1,20260917,repeatability
354,118,23,12.0212299167,2,1,1,2,1,1,20260917,repeatability
355,119,21,12.3036614816,2,1,1,2,1,1,20260917,repeatability
356,119,22,14.5444354998,2,1,1,2,1,1,20260917,repeatability
357,119,23,12.0212299167,2,1,1,2,1,1,20260917,repeatability
358,120,21,12.3036614816,2,1,1,2,1,1,20260917,repeatability
359,120,22,14.5444354998,2,1,1,2,1,1,20260917,repeatability
360,120,23,12.0212299167,2,1,1,2,1,1,20260917,repeatability
361,121,21,12.4946653274,2,1,1,2,2,1,20260917,stint
362,121,22,14.7613994374,2,1,1,2,2,1,20260917,stint
363,121,23,12.1587156981,2,1,1,2,2,1,20260917,stint
364,122,21,12.9250677492,2,1,1,2,2,1,20260917,stint
365,122,22,15.21600234,2,1,1,2,2,1,20260917,stint
366,122,23,12.3062923797,2,1,1,2,2,1,20260917,stint
367,123,21,13.3512639899,2,1,1,2,2,1,20260917,stint
368,123,22,15.5674875248,2,1,1,2,2,1,20260917,stint
369,123,23,12.5421065233,2,1,1,2,2,1,20260917,stint
370,124,21,13.5976010512,2,1,1,2,2,1,20260917,stint
371,124,22,15.7757652537,2,1,1,2,2,1,20260917,stint
372,124,23,12.6954380462,2,1,1,2,2,1,20260917,stint
373,125,21,13.7657909171,2,1,1,2,2,1,20260917,stint
374,125,22,15.9171227754,2,1,1,2,2,1,20260917,stint
375,125,23,12.8069154974,2,1,1,2,2,1,20260917,stint
376,126,21,13.9403689723,2,1,1,2,2,1,20260917,stint
377,126,22,16.0316310116,2,1,1,2,2,1,20260917,stint
378,126,23,12.9450862736,2,1,1,2,2,1,20260917,stint
379,127,21,14.0615957473,2,1,1,2,2,1,20260917,stint
380,127,22,16.1361282401,2,1,1,2,2,1,20260917,stint
381,127,23,13.0374729097,2,1,1,2,2,1,20260917,stint
382,128,21,14.0987452617,2,1,1,2,2,1,20260917,stint
383,128,22,16.2382354424,2,1,1,2,2,1,20260917,stint
384,128,23,13.1296106739,2,1,1,2,2,1,20260917,stint
385,129,21,14.2142944431,2,1,1,2,2,1,20260917,stint
386,129,22,16.3407341297,2,1,1,2,2,1,20260917,stint
387,129,23,13.2228129826,2,1,1,2,2,1,20260917,stint
388,130,21,14.3302665349,2,1,1,2,2,1,20260917,stint
389,130,22,16.4443318305,2,1,1,2,2,1,20260917,stint
390,130,23,13.3194363379,2,1,1,2,2,1,20260917,stint
391,131,11,18.3716489326,1,13,1,2,1,1,20260917,recommendation
392,131,12,16.1839555192,1,13,1,2,1,1,20260917,recommendation
393,131,13,14.6765846146,1,13,1,2,1,1,20260917,recommendation
394,132,21,11.9993108459,2,14,1,2,1,1,20260917,recommendation
395,132,22,14.5299813958,2,14,1,2,1,1,20260917,recommendation
396,132,23,11.8191165961,2,14,1,2,1,1,20260917,recommendation
397,133,31,7.94980506359,3,15,1,2,1,1,20260917,recommendation
398,133,32,8.62247469429,3,15,1,2,1,1,20260917,recommendation
399,133,33,9.94508646573,3,15,1,2,1,1,20260917,recommendation
