scenario_id,name,pressure_pa,temperature_k,grip,headwind_mps,crosswind_mps,aero_multiplier,density_multiplier,height_offset_m,baseline_lap_s,candidate_lap_s,delta_s,feasible,error,circuit_id
1,Dry,101325,288.15,0.960749114247,4.60698150716,1.08119687732,1.01478310675,0.980891602626,0.00163301043812,38.7358685485,38.0792371739,-0.656631374646,True,,2
2,Dry,101325,288.15,0.975380259357,-0.431293900288,0.214228045758,0.984946025959,0.989117670647,0.0012304151776,39.1511266936,38.9595880945,-0.191538599132,True,,2
3,Dry,101325,288.15,1.012496838,-2.26237658544,1.34517409793,1.02416258856,0.988931879842,-0.00170847645046,38.8368373023,38.6124470458,-0.224390256506,True,,2
4,Dry,101325,288.15,1.01069739998,3.22134050474,-1.7987198146,1.02662240986,0.987695548646,0.00139189469973,38.2095780969,37.5693388861,-0.640239210745,True,,2
5,Dry,101325,288.15,1.03262816175,4.14288555789,1.42973553729,1.02025149798,1.01764794373,0.000125450265085,37.7015877819,37.1457333225,-0.555854459363,True,,2
6,Dry,101325,288.15,0.959683023403,0.228143165167,-0.680147507752,1.03423416944,1.00976925331,-0.00132175319452,39.2053054095,38.8412864133,-0.364018996265,True,,2
7,Dry,101325,288.15,0.965410409955,1.38027409628,-1.16498502458,1.04346869101,1.01931756311,-0.00178267799207,38.8933576457,38.4458052875,-0.447552358184,True,,2
8,Dry,101325,288.15,0.978802073643,2.35988112156,-1.20557394607,0.999930767545,1.0105224112,-0.00122965893195,38.6610674511,38.1603456418,-0.500721809352,True,,2
9,Dry,101325,288.15,0.97426477976,-1.52887255007,0.404329375174,1.03638901127,1.00074220362,0.000405924254261,39.2391871652,38.9441618469,-0.295025318289,True,,2
10,Dry,101325,288.15,0.962901631782,4.24235453098,0.336324509033,0.960598596938,1.00589443541,0.000134530894448,38.737088364,38.2271062081,-0.509982155851,True,,2
11,Dry,101325,288.15,1.01003587708,-3.98751993929,0.428784372758,0.992383419856,1.01142511497,-0.00186158862815,39.0221504794,39.1046085062,0.0824580268745,True,,2
12,Dry,101325,288.15,1.03892138953,-1.6273462249,0.962440963099,1.00777258527,0.988212420581,0.000203938749472,38.4122638403,37.9220705837,-0.490193256588,True,,2
13,Dry,101325,288.15,0.984672922661,-0.167283723978,0.0496854967175,0.971072736523,1.01683758007,0.00177679548996,39.0121953515,38.6704014453,-0.34179390615,True,,2
14,Dry,101325,288.15,1.04452791904,4.89617417553,-1.18274626918,0.968751816175,0.985101856148,0.00178177611068,37.6867127065,37.0378651658,-0.648847540684,True,,2
15,Dry,101325,288.15,1.00506386913,-0.0112694456236,-0.297577936202,1.01616997236,1.00807792062,-0.00135475553548,38.5458189304,38.1234639694,-0.422354960967,True,,2
16,Dry,101325,288.15,0.969543892708,-3.9300570096,-0.277852428923,1.04926985574,1.00147107132,0.00123477575231,39.5980436991,39.5327949611,-0.0652487380556,True,,2
17,Dry,101325,288.15,0.969726787119,0.0502391492386,-1.97005909578,0.988347824584,1.00686594825,0.000593815840827,39.1748803353,38.8515740654,-0.323306269914,True,,2
18,Dry,101325,288.15,1.00087477785,-0.0565440241696,-0.610739321147,1.01355828928,0.98635681027,0.00139045681518,38.7708318334,38.1981295266,-0.572702306864,True,,2
19,Dry,101325,288.15,0.984727111788,-0.410327946131,-0.954856398808,1.00357935737,1.01232115482,0.000533270168771,38.9983048857,38.5125542845,-0.485750601267,True,,2
20,Dry,101325,288.15,0.976736573735,-4.65719050638,1.40142096834,0.973705193877,1.00148644854,-0.000193960360358,40.1175457185,40.2442105791,0.126664860601,True,,2
21,Dry,101325,288.15,0.978978448857,3.72475339752,0.675481337088,0.950446992848,1.0023952567,-0.000525506724169,38.5792367371,38.1106006464,-0.468636090674,True,,2
22,Dry,101325,288.15,1.03373256064,2.47787329189,1.23175375889,1.00186574742,0.984094568483,0.00104492302517,38.0072739557,37.4066907584,-0.600583197293,True,,2
23,Dry,101325,288.15,0.97741493295,3.67881318859,-1.33501153334,1.0242394048,1.01315552475,0.00138975020315,38.5676017515,37.9042748914,-0.663326860098,True,,2
24,Dry,101325,288.15,0.994620194499,-4.72771633731,-1.57911370524,1.01558612683,1.00059908832,0.00156791768017,39.4974048701,39.4595168903,-0.0378879798437,True,,2
25,Dry,101325,288.15,1.00830373153,-1.27386941842,0.228750371133,1.03202706233,0.987775893348,-0.00105315456629,38.7493842831,38.2954726959,-0.453911587214,True,,2
26,Dry,101325,288.15,1.04344907434,0.809405679015,-0.199489665693,0.952992698593,1.01356556179,-0.00125198078007,38.0452706875,37.5338401949,-0.511430492668,True,,2
27,Dry,101325,288.15,0.974297611763,-1.01942162898,-1.39561830707,0.956859593683,1.01862762756,-0.000529939709291,39.2206750842,39.2165323825,-0.00414270165812,True,,2
28,Dry,101325,288.15,1.01239148239,0.766664229275,1.05850651573,1.01674453817,1.01482638883,-0.00178113816744,38.3623253471,37.8475203253,-0.514805021826,True,,2
29,Dry,101325,288.15,0.998994972638,2.83743536201,1.85826579325,1.03562454206,1.00995116692,0.0013519096002,38.3689001621,37.7189746298,-0.64992553232,True,,2
30,Dry,101325,288.15,1.01368827928,-1.03178210199,-1.16445651223,1.04844695927,0.990937778404,0.00197527643705,38.6000906895,38.0972142455,-0.502876443961,True,,2
31,Dry,101325,288.15,1.0131328444,-2.91224160277,-1.94913622437,0.955920795665,0.996043688324,0.000670963847064,39.0591655268,39.0435919511,-0.0155735756582,True,,2
32,Dry,101325,288.15,0.974227670943,4.61257127586,-0.302586084237,1.03849964056,0.98789651403,7.28103052792e-05,38.4171170367,37.8580868193,-0.559030217348,True,,2
33,Dry,101325,288.15,1.04187867447,-2.74628342646,1.53967231188,1.01175836031,1.00043584425,0.000243545689105,38.5427635677,38.0300761378,-0.512687429836,True,,2
34,Dry,101325,288.15,0.964493752804,3.96080931657,-1.634753137,1.00184068048,0.984456406958,0.000165217923161,38.7385715228,38.2220712043,-0.516500318463,True,,2
35,Dry,101325,288.15,0.989988604629,-4.38827382851,-0.43319593284,1.01925549414,1.01833586665,0.00144378786256,39.3664607868,39.2901210095,-0.076339777287,True,,2
36,Dry,101325,288.15,1.0182395051,2.22444553751,0.508972246842,0.988310054439,1.00632359672,0.000331061789449,38.1953515357,37.6158019417,-0.579549594042,True,,2
37,Dry,101325,288.15,1.00981957093,-1.64730206581,-1.06956280151,1.02677315807,1.01763857432,-0.000650175851291,38.7148693606,38.2452823816,-0.469586979036,True,,2
38,Dry,101325,288.15,1.01751857957,-4.18813990006,1.96013512044,1.04742357119,0.980617368636,-0.00154478541661,38.9611657629,38.8502824285,-0.110883334477,True,,2
39,Dry,101325,288.15,1.03031784136,3.02159297468,1.5793037922,1.01023653842,0.989844803043,0.000149893590969,37.9707516456,37.3789344352,-0.591817210368,True,,2
40,Dry,101325,288.15,0.988229198855,3.72821173615,-1.66497858107,0.95550786988,0.989437974466,-1.79759190075e-06,38.4862660086,37.9589445254,-0.52732148319,True,,2
41,Dry,101325,288.15,1.01317556095,-1.46523858489,1.84184376782,1.04624594326,1.00794839917,-0.00157068196414,38.5942130571,38.1925005775,-0.401712479651,True,,2
42,Dry,101325,288.15,1.00345677755,-2.92189580388,-1.08218811811,1.03196279139,1.0096075826,-0.00179161894633,39.0022311651,38.7762803595,-0.225950805617,True,,2
43,Dry,101325,288.15,0.956823405173,0.730221893361,1.09557370783,1.02162639928,0.996532288576,0.00111385640137,39.2582987861,38.8483595939,-0.409939192146,True,,2
44,Dry,101325,288.15,0.952742523107,-1.02044906749,-0.611802186631,1.04065248274,0.990460405768,-4.9298121901e-05,39.4651568462,39.264933304,-0.200223542265,True,,2
45,Dry,101325,288.15,0.972696350974,-0.796027585681,-0.0365763060615,1.03688033424,0.992293368987,0.000476599346655,39.1931701653,38.8407711528,-0.352399012572,True,,2
46,Dry,101325,288.15,1.01548865849,-0.116302687012,-1.30759267438,0.968220743947,1.00386659781,0.00130745816659,38.6332996889,38.1076400271,-0.525659661841,True,,2
47,Dry,101325,288.15,1.04114870702,0.838197383867,1.1853884585,1.02237055715,1.0198176556,0.00121951642594,38.0238625792,37.4215117629,-0.602350816276,True,,2
48,Dry,101325,288.15,1.0382523151,-2.698694785,-0.20885645915,0.959525894445,0.990842507596,0.00135574234528,38.6046323378,38.5155279092,-0.0891044285226,True,,2
49,Dry,101325,288.15,1.04630322779,4.91494423967,1.91402113654,1.01473213704,0.989264099792,-0.000674016400065,37.5736854885,36.9660557142,-0.607629774282,True,,2
50,Dry,101325,288.15,0.971110467383,-2.24163742155,-0.377901507701,0.991358778907,1.00024527736,-0.000338870135424,39.4515450465,39.4845086432,0.0329635967469,True,,2
51,Dry,101325,288.15,1.04958441754,-0.830308254214,0.624769642886,1.02862561535,0.985897551653,-0.000609356558026,38.1031663777,37.580387812,-0.522778565628,True,,2
52,Dry,101325,288.15,0.955651078359,-0.836203154456,-0.324557376865,0.961562524741,0.983184318908,0.000348622398548,39.7540735328,39.7517401543,-0.00233337852037,True,,2
53,Dry,101325,288.15,1.00142549471,1.51797567983,-1.19075904622,0.987852371983,1.00544138675,-0.00173712823722,38.4637704503,38.0389183103,-0.424852140046,True,,2
54,Dry,101325,288.15,0.975099593188,-2.97832729444,0.914775273401,1.02927774841,0.998498213408,0.00101295779728,39.4029308307,39.3033381216,-0.0995927091511,True,,2
55,Dry,101325,288.15,1.00768109381,3.41573339065,0.375265454157,0.994787600346,1.00029837939,-0.000236961691811,38.2014703646,37.6134096289,-0.588060735695,True,,2
56,Dry,101325,288.15,1.02100737855,3.09775288489,-0.124042179531,1.01108998917,1.00303549664,0.000105427505766,38.0511504224,37.446935477,-0.604214945443,True,,2
57,Dry,101325,288.15,1.03371615505,2.61513395718,-1.77828999768,1.00129066205,0.985703657914,-0.000442419813333,37.9780631776,37.4142490743,-0.563814103356,True,,2
58,Dry,101325,288.15,0.971123444744,-0.676444776793,-0.328548128021,1.02746489587,0.994094612208,-0.000867769839031,39.1811264071,38.8628563748,-0.31827003228,True,,2
59,Dry,101325,288.15,0.956986288346,-2.26935640993,1.54196192815,0.996490524506,1.01210496743,0.00172611083002,39.7201281776,39.6435228325,-0.076605345056,True,,2
60,Dry,101325,288.15,0.95200496394,2.76168978126,-1.02266526794,0.96827717301,1.01416703027,-0.000115299774733,39.1117896029,38.6508852445,-0.460904358353,True,,2
61,Dry,101325,288.15,0.959166892002,-0.375097671846,-1.02518626779,0.98761917262,1.01946784323,0.000648874664996,39.3381071957,39.0888528112,-0.249254384535,True,,2
62,Dry,101325,288.15,1.01205083235,-1.91520070318,0.350369560911,0.957680647365,1.00384092128,0.000566241813418,38.7899862428,38.7041439361,-0.0858423067695,True,,2
63,Dry,101325,288.15,1.00383897311,-4.9596211195,-1.38784846692,1.03088771037,1.00916238778,0.00100829737131,39.199599892,39.1593404985,-0.0402593934737,True,,2
64,Dry,101325,288.15,0.996127404763,-4.28936275044,0.065608377213,1.0374128418,1.00165483388,0.0013657417056,39.2575101133,39.114396415,-0.143113698282,True,,2
65,Dry,101325,288.15,0.988705710556,-1.8898313205,-1.12543670582,1.00806107346,1.01121676228,-0.000747166320773,39.0882100986,38.8273812036,-0.260828895036,True,,2
66,Dry,101325,288.15,0.958802361802,4.53678719412,1.95119615864,0.992897712126,0.989634532518,0.00183042263576,38.7993543012,38.1487161245,-0.650638176782,True,,2
67,Dry,101325,288.15,1.0400050264,-3.6634773996,0.798552200237,0.954415829147,1.01302488727,0.00073209102455,38.6678199785,38.6426821599,-0.0251378186312,True,,2
68,Dry,101325,288.15,0.995721826649,-3.75802797898,1.83312036174,0.960827306728,0.998640303931,0.00186598981092,39.6225897241,39.6454758188,0.0228860946672,True,,2
69,Dry,101325,288.15,1.04422886732,-1.33359975952,-1.99690564535,1.02706723302,1.00773640551,-0.00126984552257,38.2185312666,37.7112610715,-0.507270195079,True,,2
70,Dry,101325,288.15,0.978327179612,-3.04526098208,-0.718792902786,1.033300136,1.00616318302,0.00138822651836,39.3603400355,39.1522222047,-0.208117830873,True,,2
71,Dry,101325,288.15,1.02118562204,-1.01092021909,0.405325641763,1.02226054443,0.992005616318,0.00194622483974,38.566663444,38.0247385148,-0.54192492921,True,,2
72,Dry,101325,288.15,1.02607586796,-2.11380260123,0.519276294271,1.00877509275,1.00617933957,-0.00101452576373,38.6322539376,38.1836236347,-0.44863030287,True,,2
73,Dry,101325,288.15,1.01741165325,3.26381416858,-1.19304023511,1.02236241221,1.01983746102,0.00178226738397,38.0889629218,37.4210847396,-0.667878182277,True,,2
74,Dry,101325,288.15,1.03089430425,3.56224422388,1.36354447948,0.965395118113,0.98287282653,0.000351373652632,37.9647798575,37.3837727701,-0.581007087373,True,,2
75,Dry,101325,288.15,1.01153229157,-0.83374147065,-0.183410317569,1.02292538516,0.98020983909,-0.00188901627788,38.6313073514,38.2659136753,-0.365393676064,True,,2
76,Dry,101325,288.15,0.994277812522,-2.82833615679,1.35677705379,1.0338232414,1.01319576348,-0.000538153330113,39.1201734273,38.8506549449,-0.269518482465,True,,2
77,Dry,101325,288.15,1.0092223535,-2.61294957463,-1.74453136057,0.966344923243,1.00323763245,0.00114802999899,38.9746395501,38.8949429435,-0.0796966065669,True,,2
78,Dry,101325,288.15,1.02338789766,4.17224882902,0.166898378455,1.01078653587,0.988166783612,0.00154542223079,37.9560717246,37.3023519676,-0.653719757002,True,,2
79,Dry,101325,288.15,1.01855933795,2.29519758474,0.615421422754,1.02138411651,1.00131573497,0.000174516365902,38.1545670016,37.5617394027,-0.592827598875,True,,2
80,Dry,101325,288.15,1.02029226849,3.68762464947,-0.994255170647,1.04403732381,1.00177873444,-0.00195378801179,37.9466174313,37.3773055853,-0.569311845971,True,,2
81,Dry,101325,288.15,0.962891597116,-4.72177854852,1.74565910305,1.01625027678,0.999800415133,0.00133533333797,40.2123319408,40.1835929314,-0.0287390093853,True,,2
82,Dry,101325,288.15,0.95627567942,3.71147898252,-1.80059224189,0.999986685966,0.986994601423,-0.000573053530051,38.8699041549,38.3813634709,-0.488540684034,True,,2
83,Dry,101325,288.15,1.02699445784,-1.30748410646,1.22440472777,1.03143396336,0.993693190361,-0.000244279241506,38.4377403447,37.9956286135,-0.442111731193,True,,2
84,Dry,101325,288.15,0.966059991732,2.98324149135,0.914335041992,1.03293652527,1.00696020662,-0.000559307319388,38.7466557062,38.1565837323,-0.590071973922,True,,2
85,Dry,101325,288.15,0.965653264777,-4.7450533058,-0.549111608014,1.01995034013,1.00584464511,-0.00014099389363,40.0248130099,40.07889311,0.0540801000925,True,,2
86,Dry,101325,288.15,0.979609866139,1.52595341367,0.00486021833887,1.03417947057,1.00258220009,0.000637135887966,38.7322202443,38.2223439815,-0.509876262824,True,,2
87,Dry,101325,288.15,0.986046160658,3.69376208994,0.365286471363,1.00036341354,1.0134901693,-0.00144003501987,38.4212790875,37.8092806543,-0.611998433255,True,,2
88,Dry,101325,288.15,1.04005477123,-4.53828313601,0.640662226746,1.02309814053,1.01375816679,0.00174948300769,38.7285627274,38.2904218911,-0.438140836256,True,,2
89,Dry,101325,288.15,1.04845878476,4.03303039123,1.14693744608,1.04730680357,1.00087235013,0.000379489689112,37.4982233502,36.9327007332,-0.56552261692,True,,2
90,Dry,101325,288.15,0.967924994015,2.40086158869,-1.2757787315,0.954453898799,0.997554244685,-0.00152294581409,38.9443938549,38.6753375998,-0.269056255143,True,,2
91,Dry,101325,288.15,0.989934211567,-3.8781701424,-0.143815748978,1.02031039625,1.00521277606,-8.58867495503e-05,39.2802101774,39.2780457457,-0.00216443168552,True,,2
92,Dry,101325,288.15,1.04260024781,1.57443232097,1.73235644205,0.980832376455,0.99597002982,0.000271243802986,37.9927867732,37.4359149785,-0.556871794736,True,,2
93,Dry,101325,288.15,0.973041192494,0.7287633086,-0.229445802676,1.04305016132,0.988940135296,0.00195438514643,38.9826628134,38.4204723267,-0.562190486675,True,,2
94,Dry,101325,288.15,0.98441310169,-0.981485301298,-1.1127619899,1.04752603549,0.999834588959,0.00130271984729,39.0440524619,38.477027309,-0.567025152859,True,,2
95,Dry,101325,288.15,0.9960779905,2.19911863867,-1.97571284781,1.00193705388,1.01980631683,0.000600783511928,38.4809080768,37.8798445436,-0.601063533186,True,,2
96,Dry,101325,288.15,0.973522305887,-0.321484242695,1.74771594942,0.998779261194,0.999985932232,-0.000942857566262,39.1389384855,38.8978276687,-0.241110816761,True,,2
97,Dry,101325,288.15,1.00492432033,-3.24674377315,-1.32524752357,0.952601406599,1.0127833906,-0.000837332650742,39.1790602546,39.2525307192,0.0734704645846,True,,2
98,Dry,101325,288.15,0.966713440905,-3.97631046174,1.12905717232,0.993557055538,0.996787814991,-0.000827751747437,40.0284884558,40.1080053908,0.0795169350269,True,,2
99,Dry,101325,288.15,1.01476166752,-2.55704696317,-0.719337347415,1.01514036629,1.01196219047,0.00187566251195,38.8736494271,38.3424104336,-0.531238993562,True,,2
100,Dry,101325,288.15,1.03460639331,3.13042621331,-0.459876403575,0.968396402061,0.983721381973,-0.000707453953058,37.9328811878,37.3859829498,-0.546898238005,True,,2
101,Dry,101325,288.15,0.979860931184,4.89552848758,-1.12486534848,1.02580491732,1.01732586835,-0.00109367209674,38.2934210559,37.7487403126,-0.544680743299,True,,2
102,Dry,101325,288.15,0.972361024298,-1.19562461816,1.70964988147,0.985154683087,1.01055375633,0.00137625348556,39.2797124244,39.0941380275,-0.185574396956,True,,2
103,Dry,101325,288.15,0.96992527231,-3.33118996691,0.502511806899,1.03314045496,1.01019419444,-0.000715900804996,39.477933935,39.469452137,-0.00848179802813,True,,2
104,Dry,101325,288.15,0.988122686915,2.30186930158,0.547588191158,0.972447373735,1.01146542571,0.00191293576096,38.6153984638,38.0452176415,-0.570180822227,True,,2
105,Dry,101325,288.15,1.01521828515,2.52769545461,0.251862742512,0.995752327538,1.0163582304,-0.00141424491066,38.1616649865,37.6134273776,-0.548237608849,True,,2
106,Dry,101325,288.15,1.0118644827,1.54109017244,1.94204555095,1.02062737018,0.995802360803,0.00149040841097,38.3670154252,37.7570195795,-0.609995845625,True,,2
107,Dry,101325,288.15,1.00049842165,-0.941526718242,1.73599071246,1.01979498026,1.00459953019,-2.39916902434e-07,38.8383395497,38.3215922286,-0.516747321155,True,,2
108,Dry,101325,288.15,1.0373560481,-3.69654817411,-0.486214071076,0.953333620112,1.01187245819,0.00120359253341,38.7106608577,38.7053137417,-0.0053471160078,True,,2
109,Dry,101325,288.15,0.966525650969,-4.88120431146,-1.67393458921,1.03712005475,1.00060518293,-0.0017775317349,39.9613563262,40.1063233129,0.144966986721,True,,2
110,Dry,101325,288.15,1.01027679507,-0.185422622565,1.6806140011,1.02282633175,0.987130846589,0.00150591535616,38.6580255073,38.0854924804,-0.572533026859,True,,2
111,Dry,101325,288.15,1.01317789932,-3.87289418227,0.712797424836,1.02193883228,1.01479319907,-0.0014320325648,38.9522315317,38.8373937165,-0.114837815145,True,,2
112,Dry,101325,288.15,0.953316746808,-0.646584114407,-0.999888282188,1.02174316772,0.987173989191,0.000120274898358,39.4372005748,39.3004649107,-0.13673566405,True,,2
113,Dry,101325,288.15,0.999887801636,0.718316094836,-0.227793538607,1.03660705988,0.995895877842,-0.00173385433323,38.5220559335,38.0926030299,-0.429452903597,True,,2
114,Dry,101325,288.15,0.979247570042,-3.13383379227,1.90923593785,1.0417026539,1.00397238255,-0.0019936313697,39.3339582697,39.2768320679,-0.0571262018115,True,,2
115,Dry,101325,288.15,1.03428472912,4.01997376624,1.96844496359,1.0316717447,1.01991900538,0.00122728620353,37.7052278471,37.1108940769,-0.594333770205,True,,2
116,Dry,101325,288.15,1.04681549723,3.50385934023,-1.87420581072,1.03952573169,1.00844721259,0.00045243002111,37.6669293664,37.0291304621,-0.637798904314,True,,2
117,Dry,101325,288.15,1.00614819609,-4.30985399759,-1.66518326116,1.04592135478,0.985274883036,-0.00192382876143,39.10933052,39.1160825314,0.00675201142829,True,,2
118,Dry,101325,288.15,1.02117350056,3.57124794073,-0.0484594752435,0.97760026504,0.992674038613,0.00199889018159,38.0831420123,37.4443910672,-0.6387509451,True,,2
119,Dry,101325,288.15,1.03052414461,0.504210691862,-1.95602191184,0.969962304709,1.01708791694,0.000247791548062,38.2524166237,37.704230794,-0.548185829789,True,,2
120,Dry,101325,288.15,0.985633172944,-2.95895297299,-1.66818974505,0.982698903224,0.994077225175,-0.00192218557089,39.4199771449,39.5586982817,0.138721136782,True,,2
121,Dry,101325,288.15,1.03854043949,-4.82298793032,0.154175269501,0.983286651606,0.99678299047,0.00150832965512,38.8507316938,38.867699324,0.0169676302044,True,,2
122,Dry,101325,288.15,1.00083219063,2.0408184114,1.39154832599,0.997950487627,0.988993599022,-0.000969113375482,38.4352052089,37.8996936542,-0.535511554759,True,,2
123,Dry,101325,288.15,1.02738032562,-0.218085791403,0.0609577337251,1.03170204477,1.00020131428,-0.000479473337086,38.2850713512,37.7510452468,-0.534026104393,True,,2
124,Dry,101325,288.15,1.01559178068,-1.93491035387,-1.05843611859,1.00657738521,0.989093358892,0.00131456137475,38.8117248655,38.3826381924,-0.429086673119,True,,2
125,Dry,101325,288.15,1.02670889243,4.80499753835,-0.0767996835011,1.02529761279,1.01601417655,-0.000236434558336,37.6907343405,37.130830872,-0.559903468499,True,,2
126,Dry,101325,288.15,1.04874142238,-0.833076544132,-1.68850127826,0.953457686959,0.984315319635,-0.00028991383203,38.2334369082,37.9252756517,-0.308161256584,True,,2
127,Dry,101325,288.15,0.969750348968,-4.44286706177,-0.305349213788,1.01536467952,1.0095738306,-0.000691879967368,39.8378120753,39.9224781564,0.084666081079,True,,2
128,Dry,101325,288.15,0.987357113933,1.65252508102,1.54591915414,1.04657076751,1.00324731467,-0.00151094895079,38.5881984283,38.0434261909,-0.544772237367,True,,2
129,Dry,101325,288.15,1.02479119939,-0.9869289549,1.90927351699,1.0022859433,1.00307443737,0.00121073191139,38.5334594441,38.016507986,-0.516951458115,True,,2
130,Dry,101325,288.15,0.991256153061,-1.54936905866,-1.50205081039,1.03269254197,1.00580979429,-0.00105599531028,39.0051006662,38.5904515212,-0.414649144991,True,,2
131,Dry,101325,288.15,0.968787767144,0.815727530174,-1.33388265417,0.99929830434,1.0196977825,0.000610216928704,39.0725424815,38.5288965862,-0.543645895311,True,,2
132,Dry,101325,288.15,1.03772944971,4.62776507114,-1.03552337504,1.00934676624,1.00686444628,-0.00139088368678,37.6716830755,37.0837641476,-0.587918927911,True,,2
133,Dry,101325,288.15,1.04421159945,-0.0109448765526,1.92285418625,1.01156441365,0.997901230722,0.00146607179615,38.1352047125,37.5538949472,-0.581309765368,True,,2
134,Dry,101325,288.15,1.02742581772,3.94778830523,1.42339902721,0.98570285131,1.01629777199,-0.000571863829425,37.8993653599,37.3087167643,-0.590648595547,True,,2
135,Dry,101325,288.15,1.00289636303,-2.49225001593,-1.0324790837,1.00616045524,0.988861720332,-0.000871854683596,38.9718483678,38.8658372341,-0.10601113378,True,,2
136,Dry,101325,288.15,0.961895972764,-3.77421615357,1.17065781144,0.993585301051,1.0135480935,-8.7306452782e-05,39.9764038726,40.0197041068,0.0433002341547,True,,2
137,Dry,101325,288.15,0.956363763337,3.9920995441,0.31023812895,1.04510444674,0.992473998036,-0.00188599975291,38.7624078165,38.1906638262,-0.571743990245,True,,2
138,Dry,101325,288.15,1.00156297957,0.10384892658,-0.133729068673,1.00765542499,1.00505100007,0.000286735840832,38.6133093518,38.1533694242,-0.459939927647,True,,2
139,Dry,101325,288.15,1.02951202091,-0.374219071899,0.55158167917,1.00425831887,0.982366059804,-0.00109242466335,38.3278644279,37.9040712312,-0.423793196695,True,,2
140,Dry,101325,288.15,0.985483903791,4.87945555334,0.569160161696,0.971619577578,1.01894297501,5.82548975683e-05,38.3577849082,37.6955769755,-0.662207932738,True,,2
141,Dry,101325,288.15,0.999283454502,3.5743807471,1.14045182035,1.0476291155,0.995250928206,-0.000428719898781,38.2518840421,37.6391758235,-0.612708218547,True,,2
142,Dry,101325,288.15,1.00130865388,2.89755541992,1.34151205307,1.04939024847,0.997735591678,0.00157290021367,38.3261228494,37.6683070547,-0.657815794634,True,,2
143,Dry,101325,288.15,1.01765365364,3.62434820148,0.267813669707,1.04090179508,0.996801016671,0.00141617100754,38.0386879945,37.376863185,-0.661824809491,True,,2
144,Dry,101325,288.15,1.01547739646,-0.814318880698,1.49482218375,1.03367128395,0.993523753193,0.000349608040104,38.5386051415,38.0776627075,-0.460942434015,True,,2
145,Dry,101325,288.15,0.981288207667,1.19599674473,1.87779433456,0.969321623957,1.00670698117,-0.00126903112852,38.8964245072,38.6136382205,-0.282786286763,True,,2
146,Dry,101325,288.15,1.04842041599,4.16069723562,-1.06734341382,0.985138608827,0.985681621411,-0.00135953417533,37.638972071,37.0832630262,-0.555709044799,True,,2
147,Dry,101325,288.15,0.984524131578,3.44517483524,-1.68572370884,1.02424907185,1.01601211475,-0.00190931903253,38.4533273691,37.8840880178,-0.569239351252,True,,2
148,Dry,101325,288.15,0.993579562629,4.89224091948,0.490841825832,0.955023759817,0.99182490884,0.0011886378813,38.3105066251,37.6843766995,-0.626129925628,True,,2
149,Dry,101325,288.15,0.957148086826,-4.21401961994,0.338460176304,0.98122650631,0.995855423749,-0.000629944067577,40.3948990507,40.4602770868,0.0653780360456,True,,2
150,Dry,101325,288.15,1.04650162882,2.42120188826,-1.07008045348,1.04053161585,1.01541945901,-0.0014787528713,37.7338654097,37.1298444398,-0.604020969915,True,,2
151,Dry,101325,288.15,1.0460460784,-1.48354309984,-0.471950532931,1.0104730437,0.98020428703,-0.00184680558136,38.2431390568,37.8579976479,-0.385141408909,True,,2
152,Dry,101325,288.15,1.0041932071,2.83538955287,1.73738470662,1.03025801878,1.00225792206,-9.94825008306e-05,38.2865213541,37.684392655,-0.602128699075,True,,2
153,Dry,101325,288.15,1.00477752489,-4.31057043883,-0.689655188851,1.02424029544,0.985678685422,0.00068588859962,39.1893659653,39.1679569825,-0.0214089827428,True,,2
154,Dry,101325,288.15,1.01051994598,-4.47071622611,0.723044242731,1.00764540544,0.982133768739,-0.000204838273599,39.2115891114,39.2635147797,0.0519256682582,True,,2
155,Dry,101325,288.15,1.03157107045,-0.0285390165605,-1.08176477641,0.991061900215,0.991776686803,0.00122660951528,38.3099832288,37.7807795831,-0.5292036457,True,,2
156,Dry,101325,288.15,0.998027144743,-1.46206745735,-1.24596200452,1.03354874839,0.985041580363,-0.00141716363921,38.9273348486,38.6496079118,-0.277726936727,True,,2
157,Dry,101325,288.15,1.02106159906,1.82090147497,1.48615902928,1.02447371949,1.017183546,0.000819479029582,38.1737350988,37.5615063656,-0.612228733208,True,,2
158,Dry,101325,288.15,1.01855997118,-0.857511839334,0.253360461591,0.955275523501,1.01282798237,-0.0014074981918,38.601419611,38.4150747827,-0.186344828276,True,,2
159,Dry,101325,288.15,0.99046200496,-4.19640244184,-1.84820507964,1.03146718029,1.00964106364,-0.000346119567915,39.3224477602,39.2854253062,-0.0370224539987,True,,2
160,Dry,101325,288.15,0.984197428264,0.225717739919,-0.516290006906,1.01354367204,1.01551996431,-0.00165991215957,38.8325127873,38.3884277105,-0.4440850768,True,,2
161,Dry,101325,288.15,1.02746211048,3.35770118234,0.166028586316,0.990831862639,1.00417609108,-0.000335556160268,37.9569531293,37.37518128,-0.581771849268,True,,2
162,Dry,101325,288.15,0.994447986226,-2.21154419826,-0.596789098791,0.990567216271,1.00747484386,-8.29182041849e-05,39.0548814412,38.9072598635,-0.147621577791,True,,2
163,Dry,101325,288.15,0.990281555141,1.84250954802,-0.767253681907,0.954890179209,1.01953847491,0.00186761420168,38.6911208474,38.1317495869,-0.559371260534,True,,2
164,Dry,101325,288.15,1.00120119102,1.46157936585,-1.76005899819,0.973906071432,0.989022009035,-0.000126431502195,38.628883478,38.1236340168,-0.505249461177,True,,2
165,Dry,101325,288.15,0.982929193516,-1.93206888855,-1.4601410646,0.982954354291,0.980146934119,-0.00141080794652,39.3073470143,39.4011865026,0.0938394883071,True,,2
166,Dry,101325,288.15,1.04571426216,1.42963653991,-0.644798510799,1.04572337013,1.00306011856,0.00011814240836,37.8734650319,37.2874793997,-0.585985632221,True,,2
167,Dry,101325,288.15,1.01614330415,-0.567075490893,-1.92247271204,0.965773179204,1.0059464283,-0.00139581119804,38.6541180925,38.3880955273,-0.2660225652,True,,2
168,Dry,101325,288.15,1.04472731679,-2.40373418127,1.50164181961,1.02421874554,1.01235419091,0.000586587265166,38.354951904,37.8919613084,-0.462990595613,True,,2
169,Dry,101325,288.15,0.951385417795,0.885282091304,1.93821978764,1.01874531042,0.987789668271,0.000910722470521,39.3328052229,38.93969438,-0.393110842868,True,,2
170,Dry,101325,288.15,1.03317008857,-1.19526578398,1.88002598034,1.00803346693,1.0194545469,-0.00179205957504,38.3398333736,37.9338270807,-0.406006292948,True,,2
171,Dry,101325,288.15,0.984782038078,4.09139504551,1.35636364809,1.04524919969,0.986357852996,-0.00100131934631,38.3987052336,37.7975159479,-0.601189285706,True,,2
172,Dry,101325,288.15,1.03490150498,2.47131436355,1.66318876924,1.04707597621,0.997630703019,0.000369296185752,37.92402919,37.2719619385,-0.652067251498,True,,2
173,Dry,101325,288.15,1.03700440047,-0.967595151523,0.936100831579,0.983125071548,0.991281654532,-0.00042143120551,38.3829919457,37.9386500687,-0.444341876956,True,,2
174,Dry,101325,288.15,1.00657803076,2.540760857,-0.983458203722,1.00247785489,1.01331869382,0.000823527733798,38.303623077,37.6922229056,-0.611400171345,True,,2
175,Dry,101325,288.15,1.00951564497,0.0804492962846,0.416926081831,0.980351685578,1.0040719999,0.000647217256986,38.6022202536,38.1105429465,-0.491677307044,True,,2
176,Dry,101325,288.15,0.977327046153,-2.77571857649,-0.248353709014,0.992464688293,1.01296445665,-0.000866677891333,39.366757335,39.4191554699,0.0523981349385,True,,2
177,Dry,101325,288.15,1.00849965779,-0.542068986906,-0.575404398108,1.0440586628,0.999586540168,-0.00117340904725,38.5441990323,38.1169780858,-0.427220946474,True,,2
178,Dry,101325,288.15,1.04259105128,-3.89091491338,1.9670809346,1.02778500836,1.01722000765,-0.00175163477392,38.6216845934,38.1857504046,-0.435934188757,True,,2
179,Dry,101325,288.15,1.00384632988,-3.61822241818,-1.65060102081,0.983737893581,1.01476812052,0.00119544006467,39.1403600231,39.0735086157,-0.0668514073223,True,,2
180,Dry,101325,288.15,0.99605194948,-2.99792400991,1.13763616986,0.981813137606,0.998166658134,-0.000440048880569,39.2048551509,39.244439816,0.0395846651269,True,,2
181,Dry,101325,288.15,0.962777912301,3.45495221688,-1.08139164015,1.00276522151,1.00212789709,0.00106966366591,38.8031253957,38.2616298482,-0.541495547438,True,,2
182,Dry,101325,288.15,0.954864964293,-1.45262049166,-1.29112681442,1.02466828584,1.01414110938,0.00100688501609,39.5068673869,39.2507379932,-0.256129393638,True,,2
183,Dry,101325,288.15,1.00169345712,4.00786824595,-0.919086114102,0.990038298697,0.988913564083,-0.000404871611987,38.2376164811,37.6519537456,-0.585662735552,True,,2
184,Dry,101325,288.15,1.02276335569,-1.86788551527,0.21258046692,0.978813535522,0.99059288677,0.000394326650175,38.6783287433,38.4966270473,-0.181701695961,True,,2
185,Dry,101325,288.15,0.954084681547,-4.41723080461,-1.08783905496,1.04102953855,0.994794756611,0.000588008585241,40.1555296039,40.1670814441,0.0115518402177,True,,2
186,Dry,101325,288.15,0.996338823973,0.123268756455,-0.0549438292816,0.95564223925,1.01150765746,-0.000624926979966,38.8051007604,38.5826131017,-0.222487658676,True,,2
187,Dry,101325,288.15,0.994830075909,-1.88618199772,-0.980059757109,1.0272374697,1.01710542655,0.00115654197455,39.0149717881,38.4849389185,-0.53003286959,True,,2
188,Dry,101325,288.15,0.978391086846,0.53688356923,-1.89628175871,1.02533532925,1.01944252257,-0.000264263083391,38.860456653,38.3916307123,-0.468825940764,True,,2
189,Dry,101325,288.15,0.995255201509,-4.80744577211,-0.38395251948,0.999683124551,0.994257026641,-0.00107030219844,39.5808215504,39.6897541711,0.108932620685,True,,2
190,Dry,101325,288.15,1.02593780064,2.74160103693,0.853491117548,1.0445335368,1.00491986054,-0.000590214357921,37.9787926808,37.3867000817,-0.592092599105,True,,2
191,Dry,101325,288.15,1.01114400705,2.41996947122,0.620181435701,0.968972441608,0.991728049137,-0.000267278685291,38.2917178494,37.7415758792,-0.550141970153,True,,2
192,Dry,101325,288.15,1.00888000372,2.10117395254,-0.597332567335,0.97904779839,1.01600623265,0.0017893001352,38.3546258266,37.7379108587,-0.616714967841,True,,2
193,Dry,101325,288.15,0.990819004982,1.01639552487,-0.579774703717,0.971883197161,0.998630515168,-0.000241169638866,38.7942867369,38.3594778777,-0.434808859167,True,,2
194,Dry,101325,288.15,1.02137427899,-0.589971929987,0.147896761743,0.989494304639,1.0116322739,0.000141407302062,38.4562367546,37.9972840787,-0.45895267594,True,,2
195,Dry,101325,288.15,0.970597038692,4.05622019764,1.23039739811,1.00100918862,0.983928097764,0.00186475085188,38.6735488726,38.0286506705,-0.644898202094,True,,2
196,Dry,101325,288.15,1.00173332403,1.36348532574,-1.07027509777,1.04621161709,1.00441546761,-0.00138887791439,38.4231471049,37.8746050301,-0.548542074817,True,,2
197,Dry,101325,288.15,1.01065732287,2.81543914259,-1.29816222297,1.04226670704,1.0091934911,-0.000161221376649,38.180029798,37.5668392597,-0.613190538386,True,,2
198,Dry,101325,288.15,0.950049859382,-3.82537710699,1.60037311025,0.995286240889,0.980648784797,0.000654636404822,40.5052742466,40.5020130586,-0.0032611879521,True,,2
199,Dry,101325,288.15,1.02211722669,1.17752006405,1.29004747522,1.00588044475,1.00547417223,-0.00179382473679,38.2188363217,37.7048304141,-0.514005907547,True,,2
200,Dry,101325,288.15,0.985087563615,4.25331082299,0.0158431501409,0.985399618871,0.993865161947,0.00140448116122,38.4522271883,37.8134170508,-0.63881013752,True,,2
