longitude,latitude
-1.024004600000000043e+00,5.206784350000000217e+01
-1.023486700000000083e+00,5.206826089999999851e+01
-1.022152100000000008e+00,5.206933659999999975e+01
-1.020650999999999975e+00,5.207054639999999779e+01
-1.020111100000000048e+00,5.207097720000000152e+01
-1.020003299999999946e+00,5.207106410000000096e+01
-1.019897000000000054e+00,5.207114359999999920e+01
-1.019844699999999937e+00,5.207118030000000175e+01
-1.019816800000000079e+00,5.207119689999999679e+01
-1.019788099999999975e+00,5.207121089999999697e+01
-1.019745799999999925e+00,5.207122780000000262e+01
-1.019699200000000028e+00,5.207124350000000135e+01
-1.019648899999999969e+00,5.207125760000000270e+01
-1.019599200000000039e+00,5.207127189999999928e+01
-1.019555800000000012e+00,5.207128089999999787e+01
-1.019497099999999934e+00,5.207129040000000231e+01
-1.019436999999999927e+00,5.207130020000000314e+01
-1.019378700000000082e+00,5.207130690000000328e+01
-1.019297899999999979e+00,5.207131470000000206e+01
-1.019204199999999894e+00,5.207132219999999734e+01
-1.019122700000000048e+00,5.207132680000000136e+01
-1.019053399999999998e+00,5.207132949999999738e+01
-1.018955499999999903e+00,5.207133009999999729e+01
-1.018813900000000050e+00,5.207132899999999864e+01
-1.018735600000000074e+00,5.207132589999999794e+01
-1.018656900000000087e+00,5.207132020000000239e+01
-1.018481600000000098e+00,5.207130560000000230e+01
-1.018288700000000047e+00,5.207128660000000053e+01
-1.018055699999999897e+00,5.207126619999999662e+01
-1.017438000000000065e+00,5.207120549999999781e+01
-1.017253500000000033e+00,5.207118830000000287e+01
-1.017152199999999951e+00,5.207118299999999778e+01
-1.017049199999999987e+00,5.207118020000000058e+01
-1.016938600000000026e+00,5.207118090000000166e+01
-1.016809700000000039e+00,5.207118870000000044e+01
-1.016698300000000055e+00,5.207119610000000165e+01
-1.016587700000000094e+00,5.207120840000000328e+01
-1.016482300000000061e+00,5.207122569999999939e+01
-1.016380000000000061e+00,5.207124360000000252e+01
-1.016302000000000039e+00,5.207125870000000134e+01
-1.016192800000000007e+00,5.207128430000000208e+01
-1.016096000000000110e+00,5.207131129999999786e+01
-1.015983800000000103e+00,5.207134659999999826e+01
-1.015876299999999954e+00,5.207138810000000007e+01
-1.015705899999999939e+00,5.207146720000000073e+01
-1.013659300000000041e+00,5.207247569999999826e+01
-1.013582299999999936e+00,5.207250229999999647e+01
-1.013530599999999948e+00,5.207251589999999908e+01
-1.013487599999999933e+00,5.207252369999999786e+01
-1.013444299999999965e+00,5.207252770000000197e+01
-1.013396399999999975e+00,5.207253070000000150e+01
-1.013353200000000065e+00,5.207253190000000131e+01
-1.013317299999999976e+00,5.207252989999999926e+01
-1.013277500000000053e+00,5.207252379999999903e+01
-1.013232399999999922e+00,5.207251240000000081e+01
-1.013195700000000032e+00,5.207250020000000035e+01
-1.013160099999999897e+00,5.207248570000000143e+01
-1.013125999999999971e+00,5.207246889999999695e+01
-1.013094200000000056e+00,5.207245079999999859e+01
-1.013059900000000013e+00,5.207241659999999683e+01
-1.013035899999999989e+00,5.207237829999999690e+01
-1.012956200000000084e+00,5.207222970000000117e+01
-1.012617600000000007e+00,5.207155110000000064e+01
-1.012606099999999953e+00,5.207153259999999761e+01
-1.012593300000000029e+00,5.207151700000000005e+01
-1.012579899999999977e+00,5.207150299999999987e+01
-1.012564000000000020e+00,5.207148839999999979e+01
-1.012539499999999926e+00,5.207146970000000152e+01
-1.012509600000000010e+00,5.207145049999999742e+01
-1.012479099999999965e+00,5.207143460000000346e+01
-1.012444099999999958e+00,5.207142079999999851e+01
-1.012407899999999916e+00,5.207140840000000281e+01
-1.012372999999999967e+00,5.207139850000000081e+01
-1.012327500000000047e+00,5.207139190000000184e+01
-1.012289900000000076e+00,5.207138859999999880e+01
-1.012256100000000103e+00,5.207138950000000222e+01
-1.012215300000000040e+00,5.207139339999999805e+01
-1.012180999999999997e+00,5.207140069999999810e+01
-1.012138600000000110e+00,5.207141299999999973e+01
-1.012094100000000108e+00,5.207143130000000042e+01
-1.012047799999999942e+00,5.207145760000000223e+01
-1.012011699999999959e+00,5.207148469999999918e+01
-1.011979500000000032e+00,5.207151509999999917e+01
-1.011930400000000008e+00,5.207156870000000026e+01
-1.011900299999999975e+00,5.207160059999999646e+01
-1.011868500000000060e+00,5.207164310000000285e+01
-1.011838699999999980e+00,5.207168630000000320e+01
-1.011799099999999951e+00,5.207174510000000112e+01
-1.011766100000000002e+00,5.207179670000000016e+01
-1.011716099999999896e+00,5.207187350000000237e+01
-1.011665000000000036e+00,5.207196830000000176e+01
-1.011625599999999903e+00,5.207205299999999681e+01
-1.011582999999999899e+00,5.207214799999999855e+01
-1.011543499999999929e+00,5.207224980000000158e+01
-1.011510200000000026e+00,5.207234340000000117e+01
-1.011483600000000038e+00,5.207243900000000281e+01
-1.011462800000000106e+00,5.207254600000000266e+01
-1.011447299999999938e+00,5.207265300000000252e+01
-1.011439900000000058e+00,5.207272369999999739e+01
-1.011437200000000036e+00,5.207278529999999961e+01
-1.011434900000000026e+00,5.207285689999999789e+01
-1.011440200000000011e+00,5.207290890000000161e+01
-1.011453099999999994e+00,5.207296180000000163e+01
-1.011473499999999914e+00,5.207300949999999773e+01
-1.011498199999999903e+00,5.207305209999999818e+01
-1.011526099999999984e+00,5.207308340000000157e+01
-1.011556099999999958e+00,5.207311310000000049e+01
-1.011601200000000089e+00,5.207314449999999795e+01
-1.011747600000000080e+00,5.207323139999999739e+01
-1.011998900000000035e+00,5.207336889999999840e+01
-1.012313599999999925e+00,5.207355749999999972e+01
-1.012600500000000014e+00,5.207371990000000039e+01
-1.012887400000000104e+00,5.207387990000000144e+01
-1.014896500000000090e+00,5.207500790000000279e+01
-1.015880600000000022e+00,5.207555560000000128e+01
-1.016433099999999978e+00,5.207586630000000127e+01
-1.016551800000000005e+00,5.207593229999999807e+01
-1.017533699999999985e+00,5.207647469999999856e+01
-1.018489299999999931e+00,5.207699569999999767e+01
-1.018577999999999983e+00,5.207703639999999723e+01
-1.018645299999999976e+00,5.207706259999999787e+01
-1.018703399999999926e+00,5.207708089999999856e+01
-1.018770200000000070e+00,5.207709940000000159e+01
-1.018841300000000061e+00,5.207711690000000004e+01
-1.018909899999999924e+00,5.207712939999999691e+01
-1.018966800000000061e+00,5.207713909999999657e+01
-1.019016300000000097e+00,5.207714550000000031e+01
-1.019054399999999916e+00,5.207715000000000316e+01
-1.019128999999999952e+00,5.207715439999999774e+01
-1.019203899999999940e+00,5.207715470000000124e+01
-1.019278799999999929e+00,5.207715489999999647e+01
-1.019352899999999895e+00,5.207715170000000171e+01
-1.019427700000000048e+00,5.207714490000000040e+01
-1.019500000000000073e+00,5.207713609999999704e+01
-1.019570499999999935e+00,5.207712260000000271e+01
-1.019641400000000031e+00,5.207710699999999804e+01
-1.019710399999999906e+00,5.207708660000000123e+01
-1.019740899999999950e+00,5.207707700000000273e+01
-1.019798999999999900e+00,5.207705579999999657e+01
-1.019821599999999995e+00,5.207704559999999816e+01
-1.019849800000000029e+00,5.207703109999999924e+01
-1.019872200000000007e+00,5.207701819999999771e+01
-1.019912399999999941e+00,5.207699120000000192e+01
-1.019931700000000108e+00,5.207697689999999824e+01
-1.019956599999999991e+00,5.207695850000000348e+01
-1.019976699999999958e+00,5.207694010000000162e+01
-1.019996899999999984e+00,5.207691830000000266e+01
-1.020014500000000046e+00,5.207689340000000300e+01
-1.020034000000000107e+00,5.207686259999999834e+01
-1.020048099999999902e+00,5.207682859999999891e+01
-1.020054599999999922e+00,5.207679660000000155e+01
-1.020143699999999987e+00,5.207621890000000064e+01
-1.020162800000000036e+00,5.207615069999999946e+01
-1.020194199999999940e+00,5.207608950000000192e+01
-1.020218899999999929e+00,5.207605790000000212e+01
-1.020248599999999950e+00,5.207602669999999989e+01
-1.020283999999999969e+00,5.207599429999999785e+01
-1.020324800000000032e+00,5.207596089999999833e+01
-1.020364499999999897e+00,5.207593260000000157e+01
-1.020410800000000062e+00,5.207590760000000074e+01
-1.020471300000000081e+00,5.207587680000000319e+01
-1.020513400000000015e+00,5.207585790000000259e+01
-1.020551299999999939e+00,5.207584270000000259e+01
-1.020583999999999936e+00,5.207583309999999699e+01
-1.020619399999999954e+00,5.207582370000000083e+01
-1.020667400000000002e+00,5.207581069999999812e+01
-1.020721299999999943e+00,5.207579870000000000e+01
-1.020769800000000060e+00,5.207579150000000112e+01
-1.020814499999999958e+00,5.207578809999999692e+01
-1.020866899999999911e+00,5.207578490000000215e+01
-1.020925899999999942e+00,5.207578290000000010e+01
-1.020977400000000035e+00,5.207578409999999991e+01
-1.021034699999999962e+00,5.207578809999999692e+01
-1.021082999999999963e+00,5.207579429999999832e+01
-1.021137500000000031e+00,5.207580509999999663e+01
-1.021188699999999949e+00,5.207581669999999718e+01
-1.021248799999999957e+00,5.207583309999999699e+01
-1.021318200000000065e+00,5.207585519999999946e+01
-1.021371100000000087e+00,5.207587639999999851e+01
-1.021416499999999949e+00,5.207589750000000350e+01
-1.021452400000000038e+00,5.207591850000000022e+01
-1.021486399999999906e+00,5.207594040000000035e+01
-1.021519000000000066e+00,5.207596509999999768e+01
-1.021562899999999940e+00,5.207600250000000131e+01
-1.021578099999999933e+00,5.207601799999999770e+01
-1.021605400000000108e+00,5.207604649999999680e+01
-1.021629700000000085e+00,5.207607579999999814e+01
-1.021646300000000007e+00,5.207610259999999869e+01
-1.021661099999999989e+00,5.207612579999999980e+01
-1.021673000000000053e+00,5.207614819999999867e+01
-1.021682600000000107e+00,5.207616780000000034e+01
-1.021689599999999976e+00,5.207618819999999715e+01
-1.021697000000000077e+00,5.207621100000000069e+01
-1.021701900000000052e+00,5.207623980000000330e+01
-1.021705099999999922e+00,5.207626080000000002e+01
-1.021704100000000004e+00,5.207628559999999851e+01
-1.021701900000000052e+00,5.207630739999999747e+01
-1.021698299999999948e+00,5.207633150000000199e+01
-1.021690999999999905e+00,5.207636320000000296e+01
-1.021678099999999922e+00,5.207639609999999664e+01
-1.021663500000000058e+00,5.207643139999999704e+01
-1.021633299999999966e+00,5.207647630000000305e+01
-1.021604699999999921e+00,5.207651200000000102e+01
-1.021363000000000021e+00,5.207680419999999799e+01
-1.021084799999999904e+00,5.207715449999999890e+01
-1.020874800000000082e+00,5.207741730000000047e+01
-1.020778799999999986e+00,5.207753699999999952e+01
-1.020753599999999928e+00,5.207756619999999970e+01
-1.020725199999999999e+00,5.207759920000000164e+01
-1.020695300000000083e+00,5.207762850000000299e+01
-1.020666400000000085e+00,5.207765640000000218e+01
-1.020614099999999969e+00,5.207770610000000033e+01
-1.020564000000000027e+00,5.207774930000000069e+01
-1.020518100000000095e+00,5.207778350000000245e+01
-1.020444200000000023e+00,5.207783599999999780e+01
-1.020358499999999946e+00,5.207789559999999796e+01
-1.020271200000000045e+00,5.207795550000000162e+01
-1.020194700000000010e+00,5.207800749999999823e+01
-1.020119299999999951e+00,5.207805309999999821e+01
-1.019936299999999907e+00,5.207815459999999774e+01
-1.019736900000000057e+00,5.207825199999999910e+01
-1.019642500000000007e+00,5.207829499999999712e+01
-1.019561699999999904e+00,5.207833070000000220e+01
-1.019497000000000098e+00,5.207835899999999896e+01
-1.019347100000000061e+00,5.207841419999999744e+01
-1.019206899999999916e+00,5.207846090000000316e+01
-1.019106599999999974e+00,5.207848849999999885e+01
-1.019010500000000041e+00,5.207851229999999987e+01
-1.018882899999999925e+00,5.207853879999999691e+01
-1.018727299999999891e+00,5.207856600000000213e+01
-1.018603900000000007e+00,5.207858490000000273e+01
-1.018488199999999955e+00,5.207859870000000058e+01
-1.018358700000000061e+00,5.207861170000000328e+01
-1.018227200000000110e+00,5.207862349999999907e+01
-1.018058600000000036e+00,5.207863600000000304e+01
-1.017820900000000028e+00,5.207865319999999798e+01
-1.017196800000000012e+00,5.207869149999999792e+01
-1.015252700000000008e+00,5.207880519999999791e+01
-1.012720899999999924e+00,5.207893080000000197e+01
-1.012439700000000053e+00,5.207893750000000210e+01
-1.012361000000000066e+00,5.207893930000000182e+01
-1.012295299999999898e+00,5.207893839999999841e+01
-1.012223300000000048e+00,5.207893539999999888e+01
-1.012155600000000044e+00,5.207892770000000127e+01
-1.012044900000000025e+00,5.207890900000000300e+01
-1.011954800000000043e+00,5.207888779999999684e+01
-1.011866300000000107e+00,5.207886419999999816e+01
-1.011763900000000049e+00,5.207883300000000304e+01
-1.011649699999999985e+00,5.207878949999999918e+01
-1.011514699999999989e+00,5.207872369999999762e+01
-1.011425599999999925e+00,5.207867139999999750e+01
-1.011368899999999904e+00,5.207863189999999776e+01
-1.011314599999999952e+00,5.207858970000000198e+01
-1.011269200000000090e+00,5.207854729999999677e+01
-1.011225800000000064e+00,5.207850330000000127e+01
-1.011183299999999896e+00,5.207845220000000097e+01
-1.011106099999999897e+00,5.207833020000000346e+01
-1.011033599999999977e+00,5.207820379999999716e+01
-1.010974199999999934e+00,5.207810229999999763e+01
-1.010927300000000084e+00,5.207800459999999987e+01
-1.010860499999999940e+00,5.207786240000000078e+01
-1.010701599999999978e+00,5.207751559999999813e+01
-1.010594500000000062e+00,5.207724170000000186e+01
-1.010546500000000014e+00,5.207708939999999842e+01
-1.010481200000000079e+00,5.207688319999999749e+01
-1.010424800000000012e+00,5.207666569999999950e+01
-1.010401600000000011e+00,5.207654519999999820e+01
-1.010383400000000043e+00,5.207642400000000293e+01
-1.010358599999999996e+00,5.207624890000000306e+01
-1.010338500000000028e+00,5.207608170000000314e+01
-1.010312300000000052e+00,5.207583559999999778e+01
-1.010285799999999901e+00,5.207556149999999917e+01
-1.010255899999999984e+00,5.207515089999999702e+01
-1.010234700000000041e+00,5.207474340000000268e+01
-1.010227599999999892e+00,5.207463320000000095e+01
-1.010218800000000083e+00,5.207452949999999703e+01
-1.010210000000000052e+00,5.207447030000000154e+01
-1.010197800000000035e+00,5.207441180000000003e+01
-1.010179399999999950e+00,5.207435170000000113e+01
-1.010154199999999891e+00,5.207428230000000013e+01
-1.010118199999999966e+00,5.207420650000000251e+01
-1.010091000000000072e+00,5.207416169999999767e+01
-1.010055099999999983e+00,5.207410780000000017e+01
-1.010011100000000051e+00,5.207404540000000281e+01
-1.009965400000000013e+00,5.207398380000000060e+01
-1.009930500000000064e+00,5.207393900000000286e+01
-1.009894300000000023e+00,5.207390110000000050e+01
-1.009845000000000104e+00,5.207384849999999687e+01
-1.009793099999999999e+00,5.207380049999999727e+01
-1.009651300000000029e+00,5.207366549999999705e+01
-1.009611700000000001e+00,5.207362129999999922e+01
-1.009583799999999920e+00,5.207357710000000139e+01
-1.009557400000000049e+00,5.207352879999999828e+01
-1.009546899999999914e+00,5.207350249999999647e+01
-1.009539100000000023e+00,5.207347399999999737e+01
-1.009533599999999920e+00,5.207344919999999888e+01
-1.009529499999999969e+00,5.207341759999999908e+01
-1.009528800000000004e+00,5.207339360000000283e+01
-1.009527599999999969e+00,5.207336779999999976e+01
-1.009530500000000108e+00,5.207333390000000151e+01
-1.009534699999999896e+00,5.207330830000000077e+01
-1.009540199999999999e+00,5.207328460000000092e+01
-1.009548399999999901e+00,5.207325929999999659e+01
-1.009564200000000023e+00,5.207322340000000338e+01
-1.009585200000000071e+00,5.207318109999999933e+01
-1.009600099999999889e+00,5.207315129999999925e+01
-1.009629099999999946e+00,5.207310069999999769e+01
-1.009730500000000086e+00,5.207294019999999790e+01
-1.009822900000000079e+00,5.207278409999999980e+01
-1.009886700000000026e+00,5.207267650000000003e+01
-1.009931300000000087e+00,5.207260180000000105e+01
-1.009965299999999955e+00,5.207254669999999663e+01
-1.010013300000000003e+00,5.207246239999999915e+01
-1.010024899999999892e+00,5.207243480000000346e+01
-1.010040199999999944e+00,5.207239409999999680e+01
-1.010059800000000063e+00,5.207233759999999734e+01
-1.010073199999999893e+00,5.207228489999999965e+01
-1.010085799999999923e+00,5.207222480000000076e+01
-1.010093399999999919e+00,5.207217070000000092e+01
-1.010097199999999917e+00,5.207211300000000165e+01
-1.010094800000000070e+00,5.207206450000000331e+01
-1.010085200000000016e+00,5.207200360000000217e+01
-1.010073199999999893e+00,5.207195800000000219e+01
-1.010049699999999939e+00,5.207189999999999941e+01
-1.010022500000000045e+00,5.207184879999999794e+01
-1.009999499999999939e+00,5.207180809999999838e+01
-1.009963500000000014e+00,5.207175939999999770e+01
-1.009917500000000024e+00,5.207171160000000043e+01
-1.009883199999999981e+00,5.207168049999999937e+01
-1.009829899999999947e+00,5.207163709999999668e+01
-1.009578499999999934e+00,5.207143949999999677e+01
-1.009503800000000062e+00,5.207138530000000287e+01
-1.009470799999999890e+00,5.207135889999999989e+01
-1.009432499999999955e+00,5.207132579999999678e+01
-1.009403300000000003e+00,5.207129669999999777e+01
-1.009372099999999994e+00,5.207125239999999877e+01
-1.009341599999999950e+00,5.207120030000000099e+01
-1.009327899999999945e+00,5.207117159999999956e+01
-1.009309599999999918e+00,5.207113019999999892e+01
-1.009294399999999925e+00,5.207106730000000283e+01
-1.009289600000000009e+00,5.207102830000000182e+01
-1.009288600000000091e+00,5.207099250000000268e+01
-1.009290299999999974e+00,5.207095139999999844e+01
-1.009295700000000018e+00,5.207091220000000220e+01
-1.009306199999999931e+00,5.207086069999999722e+01
-1.009322199999999947e+00,5.207081840000000028e+01
-1.009346499999999924e+00,5.207077249999999680e+01
-1.009375899999999993e+00,5.207073050000000336e+01
-1.009410499999999988e+00,5.207068950000000029e+01
-1.009467399999999904e+00,5.207062609999999836e+01
-1.009507900000000014e+00,5.207059199999999777e+01
-1.009563999999999906e+00,5.207055259999999919e+01
-1.009623600000000065e+00,5.207051429999999925e+01
-1.009740400000000093e+00,5.207045500000000260e+01
-1.009747600000000078e+00,5.207045190000000190e+01
-1.009804399999999935e+00,5.207042700000000224e+01
-1.009861899999999979e+00,5.207040150000000267e+01
-1.009940599999999966e+00,5.207037079999999918e+01
-1.010015600000000013e+00,5.207034199999999657e+01
-1.010114399999999968e+00,5.207030319999999790e+01
-1.010212600000000016e+00,5.207026559999999904e+01
-1.010296899999999942e+00,5.207023350000000050e+01
-1.010390499999999969e+00,5.207019830000000127e+01
-1.010461899999999913e+00,5.207017239999999703e+01
-1.010511299999999890e+00,5.207015630000000073e+01
-1.010586299999999937e+00,5.207013119999999873e+01
-1.010689299999999902e+00,5.207009570000000309e+01
-1.010788299999999973e+00,5.207005519999999876e+01
-1.010831299999999988e+00,5.207003439999999728e+01
-1.010892099999999960e+00,5.207000870000000248e+01
-1.010960899999999940e+00,5.206997479999999712e+01
-1.011010299999999917e+00,5.206994790000000251e+01
-1.011058000000000012e+00,5.206991880000000350e+01
-1.011107800000000001e+00,5.206988599999999678e+01
-1.011143099999999961e+00,5.206985960000000091e+01
-1.011183100000000001e+00,5.206982719999999887e+01
-1.011221300000000101e+00,5.206979429999999809e+01
-1.011269100000000032e+00,5.206974910000000278e+01
-1.011321200000000031e+00,5.206969600000000042e+01
-1.011382999999999921e+00,5.206962419999999980e+01
-1.012418899999999899e+00,5.206846070000000282e+01
-1.013238899999999942e+00,5.206749609999999961e+01
-1.014376100000000003e+00,5.206617299999999915e+01
-1.014777500000000110e+00,5.206571840000000151e+01
-1.014961800000000025e+00,5.206550570000000278e+01
-1.015153999999999890e+00,5.206529199999999946e+01
-1.015216099999999955e+00,5.206522819999999996e+01
-1.015337200000000051e+00,5.206510120000000086e+01
-1.015423699999999929e+00,5.206501140000000305e+01
-1.015483099999999972e+00,5.206495259999999803e+01
-1.015538100000000110e+00,5.206489919999999927e+01
-1.015651400000000093e+00,5.206478680000000026e+01
-1.015755600000000092e+00,5.206468619999999703e+01
-1.015930100000000058e+00,5.206452440000000337e+01
-1.016068200000000088e+00,5.206439929999999805e+01
-1.016137899999999927e+00,5.206433590000000322e+01
-1.016197299999999970e+00,5.206428180000000339e+01
-1.016336799999999929e+00,5.206416120000000092e+01
-1.016422799999999960e+00,5.206408919999999796e+01
-1.016521699999999973e+00,5.206400179999999978e+01
-1.016626500000000100e+00,5.206391440000000159e+01
-1.016702999999999912e+00,5.206385310000000288e+01
-1.016753900000000099e+00,5.206381509999999935e+01
-1.016812499999999897e+00,5.206377510000000086e+01
-1.016858500000000110e+00,5.206374600000000186e+01
-1.016901499999999903e+00,5.206372139999999860e+01
-1.016954600000000042e+00,5.206369420000000048e+01
-1.016989600000000049e+00,5.206367709999999960e+01
-1.017029100000000019e+00,5.206365819999999900e+01
-1.017072900000000057e+00,5.206363660000000237e+01
-1.017126299999999928e+00,5.206361530000000215e+01
-1.017195199999999966e+00,5.206359530000000291e+01
-1.017275300000000104e+00,5.206357330000000161e+01
-1.017339299999999946e+00,5.206355810000000162e+01
-1.017411499999999913e+00,5.206354549999999648e+01
-1.017480099999999998e+00,5.206353440000000177e+01
-1.017571100000000062e+00,5.206352520000000084e+01
-1.017635000000000067e+00,5.206352150000000023e+01
-1.017696900000000015e+00,5.206351850000000070e+01
-1.017752699999999955e+00,5.206351680000000215e+01
-1.017824099999999898e+00,5.206351730000000089e+01
-1.017935299999999987e+00,5.206352309999999761e+01
-1.018017399999999961e+00,5.206353210000000331e+01
-1.018095299999999925e+00,5.206354540000000242e+01
-1.018170999999999937e+00,5.206355990000000133e+01
-1.018244600000000055e+00,5.206357700000000222e+01
-1.018323799999999890e+00,5.206359729999999786e+01
-1.018414600000000059e+00,5.206362639999999686e+01
-1.018486599999999909e+00,5.206365350000000092e+01
-1.018551999999999902e+00,5.206368290000000343e+01
-1.018594800000000022e+00,5.206370309999999790e+01
-1.018635600000000085e+00,5.206372569999999911e+01
-1.018688000000000038e+00,5.206375669999999900e+01
-1.018730300000000089e+00,5.206378120000000109e+01
-1.018775399999999998e+00,5.206381499999999818e+01
-1.018811499999999981e+00,5.206384320000000088e+01
-1.018850500000000103e+00,5.206387769999999904e+01
-1.018894900000000048e+00,5.206392050000000182e+01
-1.018926900000000080e+00,5.206395510000000115e+01
-1.018966100000000097e+00,5.206400510000000281e+01
-1.019009400000000065e+00,5.206407130000000194e+01
-1.019047400000000048e+00,5.206413249999999948e+01
-1.019087499999999924e+00,5.206418779999999913e+01
-1.019127300000000069e+00,5.206424559999999957e+01
-1.019167799999999957e+00,5.206429500000000132e+01
-1.019208300000000067e+00,5.206434370000000200e+01
-1.019248300000000107e+00,5.206439040000000062e+01
-1.019296699999999944e+00,5.206444729999999765e+01
-1.019348900000000002e+00,5.206450410000000062e+01
-1.019412800000000008e+00,5.206457209999999947e+01
-1.019492599999999971e+00,5.206465219999999761e+01
-1.019692700000000007e+00,5.206484110000000243e+01
-1.019756499999999955e+00,5.206490000000000151e+01
-1.019835300000000000e+00,5.206496899999999783e+01
-1.019943999999999962e+00,5.206506009999999662e+01
-1.020010800000000106e+00,5.206511210000000034e+01
-1.020069899999999974e+00,5.206515910000000247e+01
-1.020142099999999941e+00,5.206521430000000095e+01
-1.020210000000000061e+00,5.206526120000000191e+01
-1.020376200000000066e+00,5.206537469999999956e+01
-1.020447700000000069e+00,5.206541810000000226e+01
-1.020920400000000061e+00,5.206572630000000146e+01
-1.021249499999999921e+00,5.206595469999999892e+01
-1.021766299999999905e+00,5.206633229999999912e+01
-1.021982399999999958e+00,5.206648930000000064e+01
-1.022028099999999995e+00,5.206651740000000217e+01
-1.022081000000000017e+00,5.206653899999999879e+01
-1.022132500000000110e+00,5.206655179999999916e+01
-1.022198200000000057e+00,5.206655539999999860e+01
-1.022260600000000075e+00,5.206654989999999827e+01
-1.022319399999999989e+00,5.206653879999999646e+01
-1.022376200000000068e+00,5.206652100000000161e+01
-1.022432999999999925e+00,5.206649279999999891e+01
-1.022755899999999940e+00,5.206629339999999928e+01
-1.022785000000000055e+00,5.206627950000000027e+01
-1.022839700000000018e+00,5.206625650000000149e+01
-1.022915299999999972e+00,5.206624020000000286e+01
-1.023015800000000031e+00,5.206623090000000076e+01
-1.023053500000000060e+00,5.206623119999999716e+01
-1.023109700000000011e+00,5.206623199999999940e+01
-1.023179099999999897e+00,5.206624140000000267e+01
-1.023240600000000056e+00,5.206625669999999673e+01
-1.023298999999999959e+00,5.206627559999999733e+01
-1.023366699999999963e+00,5.206630870000000044e+01
-1.023452599999999935e+00,5.206636110000000173e+01
-1.023583399999999921e+00,5.206644579999999678e+01
-1.023702700000000076e+00,5.206653109999999884e+01
-1.023812399999999956e+00,5.206661569999999983e+01
-1.023847399999999963e+00,5.206664430000000010e+01
-1.023933600000000110e+00,5.206672369999999717e+01
-1.024001099999999997e+00,5.206679840000000326e+01
-1.024084100000000053e+00,5.206689699999999732e+01
-1.024157900000000065e+00,5.206700250000000096e+01
-1.024217900000000014e+00,5.206711130000000054e+01
-1.024256800000000078e+00,5.206719859999999755e+01
-1.024292399999999992e+00,5.206729099999999733e+01
-1.024303600000000092e+00,5.206733539999999749e+01
-1.024315400000000098e+00,5.206737979999999766e+01
-1.024329100000000103e+00,5.206745229999999935e+01
-1.024323300000000048e+00,5.206751580000000246e+01
-1.024309099999999972e+00,5.206756779999999907e+01
-1.024283000000000055e+00,5.206761339999999905e+01
-1.024246900000000071e+00,5.206765120000000024e+01
-1.024193899999999990e+00,5.206769560000000041e+01
-1.024079299999999915e+00,5.206778429999999958e+01
-1.024060200000000087e+00,5.206779970000000191e+01
-1.024004600000000043e+00,5.206784350000000217e+01
